x_error,y_error,z_error,rx_error,ry_error,rz_error
0.000000000000000000e+00,-1.387778780781445676e-17,-1.383995056152331760e-02,-1.110223024625156540e-16,2.220446049250313081e-16,4.440892098500626162e-16
8.673617379884035472e-19,-2.428612866367529932e-17,-2.805297851562460476e-02,-2.220446049250312588e-16,4.440892098500625176e-16,7.216449660063515541e-16
-6.866613759074863020e-19,-3.816391647148975608e-17,-3.924995422363231068e-02,-1.110223024625156540e-16,4.996003610813204432e-16,1.165734175856414367e-15
7.243072846743437204e-19,-3.469446951953614189e-17,-4.890594482421828371e-02,-1.110223024625156294e-16,4.996003610813203446e-16,8.326672684688672081e-16
1.018259088962224915e-18,-3.469446951953614189e-17,-5.773094177246052006e-02,-5.551115123125782702e-16,6.106226635438360972e-16,9.992007221626408864e-16
-3.851472255899462526e-03,4.792673135299817255e-03,-1.206893711623818755e-01,-1.478817910777066591e-01,3.619688037064343333e-02,-9.524108416655093987e-03
-3.851472255899462526e-03,4.792673135299817255e-03,-1.246403294143347829e-01,-1.478817910777066869e-01,3.619688037064349578e-02,-9.524108416654873677e-03
-3.851472255899465128e-03,4.792673135299817255e-03,-1.266883640823032176e-01,-1.478817910777067979e-01,3.619688037064299618e-02,-9.524108416656152168e-03
-3.851472255899465562e-03,4.792673135299813786e-03,-1.263443546828891817e-01,-1.478817910777064926e-01,3.619688037064339864e-02,-9.524108416655097456e-03
-3.851472255899469031e-03,4.792673135299813786e-03,-1.239694004592563070e-01,-1.478817910777069089e-01,3.619688037064355129e-02,-9.524108416654651632e-03
-3.851472255899470766e-03,4.792673135299810316e-03,-1.189173679885532353e-01,-1.478817910777069089e-01,3.619688037064349578e-02,-9.524108416655095721e-03
-2.934201051824220259e-03,4.654487752308929249e-03,-1.151759834620105227e-01,-1.740249362749612672e-01,4.490673629509957937e-02,-1.417031332712835948e-02
-2.934201051824221994e-03,4.654487752308904963e-03,-1.068479652735337959e-01,-1.740249362749611561e-01,4.490673629509924630e-02,-1.417031332712869254e-02
-2.934201051824218524e-03,4.654487752308891085e-03,-9.549298480478374263e-02,-1.740249362749613782e-01,4.490673629509907977e-02,-1.417031332712863703e-02
-2.934201051824215055e-03,4.654487752308884146e-03,-8.381596759286968901e-02,-1.740249362749618223e-01,4.490673629509924630e-02,-1.417031332712808192e-02
-2.934201051824214188e-03,4.654487752308884146e-03,-7.084592059579930545e-02,-1.740249362749617112e-01,4.490673629509907977e-02,-1.417031332712874805e-02
-2.934201051824209851e-03,4.654487752308884146e-03,-5.497395709482277848e-02,-1.740249362749618223e-01,4.490673629509913528e-02,-1.417031332712902561e-02
8.497325283515007495e-04,1.425986592540562370e-03,-2.800323012621042107e-02,-8.653330537191228355e-02,5.644909335353069657e-02,-1.268303336503232188e-02
8.497325283514984727e-04,1.425986592540555431e-03,-1.243323806078056037e-02,-8.653330537191207539e-02,5.644909335353093249e-02,-1.268303336503215882e-02
8.497325283514953285e-04,1.425986592540555431e-03,5.456776587656975153e-03,-8.653330537191217253e-02,5.644909335353075208e-02,-1.268303336503243291e-02
8.497325283514947864e-04,1.425986592540551962e-03,2.140480515211007351e-02,-8.653330537191196437e-02,5.644909335353087698e-02,-1.268303336503204606e-02
8.497325283514925096e-04,1.425986592540551962e-03,3.712379929273512680e-02,-8.653330537191183947e-02,5.644909335353075208e-02,-1.268303336503248842e-02
8.497325283514925096e-04,1.425986592540555431e-03,5.421577927320386792e-02,-8.653330537191174232e-02,5.644909335353071045e-02,-1.268303336503249189e-02
3.053713828438967600e-03,-1.153339166378008346e-03,3.064030104945392186e-02,-2.126386472408944850e-02,4.835441420735248769e-02,-2.338857490429751412e-02
3.053713828438968901e-03,-1.153339166377994468e-03,4.403431350062581018e-02,-2.126386472408933748e-02,4.835441420735254320e-02,-2.338857490429701452e-02
3.053713828438970202e-03,-1.153339166377980590e-03,5.763832503627053239e-02,-2.126386472408967401e-02,4.835441420735250156e-02,-2.338857490429662941e-02
3.053713828438973672e-03,-1.153339166377980590e-03,6.821030074427836265e-02,-2.126386472408989606e-02,4.835441420735322321e-02,-2.338857490429524164e-02
3.053713828438978008e-03,-1.153339166377980590e-03,7.717129165003999702e-02,-2.126386472408967054e-02,4.835441420735304280e-02,-2.338857490429523817e-02
3.053713828438971937e-03,-1.153339166377980590e-03,8.514530593226654620e-02,-2.126386472408978157e-02,4.835441420735315382e-02,-2.338857490429484959e-02
3.227278217687039492e-03,-4.001941451564704211e-03,5.374535705904570637e-02,-4.179344773370381391e-03,7.972070701078171062e-02,-3.704133695289239803e-02
3.227278217687036890e-03,-4.001941451564697272e-03,5.686135437349892907e-02,-4.179344773370158479e-03,7.972070701078153021e-02,-3.704133695289294620e-02
3.227278217687036023e-03,-4.001941451564693802e-03,5.795037414888970506e-02,-4.179344773369601633e-03,7.972070701078105837e-02,-3.704133695289343886e-02
3.227278217687031252e-03,-4.001941451564693802e-03,5.675236847262032924e-02,-4.179344773369713523e-03,7.972070701078147470e-02,-3.704133695289239109e-02
3.227278217687026916e-03,-4.001941451564693802e-03,5.353436615328432957e-02,-4.179344773369713523e-03,7.972070701078169674e-02,-3.704133695289216904e-02
3.227278217687030819e-03,-4.001941451564693802e-03,4.756734039644838763e-02,-4.179344773369491478e-03,7.972070701078164123e-02,-3.704133695289233558e-02
2.783447210421459428e-03,-3.802485632686671696e-03,4.523511468631391530e-02,2.083579744628921357e-03,8.953376539080448726e-02,-2.770082090018799112e-02
2.783447210421461596e-03,-3.802485632686664757e-03,3.618913232547393832e-02,2.083579744628588290e-03,8.953376539080465379e-02,-2.770082090018804663e-02
2.783447210421464632e-03,-3.802485632686654349e-03,2.410413324100124655e-02,2.083579744628476400e-03,8.953376539080441787e-02,-2.770082090018892787e-02
2.783447210421464632e-03,-3.802485632686650879e-03,1.186013757449733141e-02,2.083579744628032745e-03,8.953376539080487584e-02,-2.770082090018793561e-02
2.783447210421465499e-03,-3.802485632686637002e-03,-1.589836485561324508e-03,2.083579744627921723e-03,8.953376539080493135e-02,-2.770082090018799112e-02
2.783447210421460295e-03,-3.802485632686630063e-03,-1.788889349239719539e-02,2.083579744627810700e-03,8.953376539080509788e-02,-2.770082090018760254e-02
2.004399639010088358e-03,-1.830070693496388401e-03,-7.958614142349329512e-04,-5.776831562191011432e-02,6.710954021364093358e-02,-2.440023714401499261e-02
2.004399639010093128e-03,-1.830070693496412687e-03,-1.653286092595385171e-02,-5.776831562191023228e-02,6.710954021364098909e-02,-2.440023714401510710e-02
2.004399639010095730e-03,-1.830070693496423095e-03,-3.448185079411802967e-02,-5.776831562191045433e-02,6.710954021364121114e-02,-2.440023714401488505e-02
2.004399639010095296e-03,-1.830070693496426565e-03,-5.036487691716495796e-02,-5.776831562191034330e-02,6.710954021364098909e-02,-2.440023714401510710e-02
2.004399639010095296e-03,-1.830070693496426565e-03,-6.591190450505557408e-02,-5.776831562191023228e-02,6.710954021364087807e-02,-2.440023714401532914e-02
2.004399639010093562e-03,-1.830070693496426565e-03,-8.268489950017277046e-02,-5.776831562191023228e-02,6.710954021364076705e-02,-2.440023714401527363e-02
1.139721710093412679e-03,1.618329381103643383e-04,-6.268487880614992402e-02,-1.329014862270009867e-01,7.761435541175654151e-02,-1.004933493064456840e-02
1.139721710093411595e-03,1.618329381103747466e-04,-7.559381435302481300e-02,-1.329014862270008479e-01,7.761435541175669417e-02,-1.004933493064412257e-02
1.139721710093411595e-03,1.618329381103851550e-04,-8.854982326415750116e-02,-1.329014862270011255e-01,7.761435541175661090e-02,-1.004933493064384849e-02
1.139721710093408126e-03,1.618329381103851550e-04,-9.846582363036837648e-02,-1.329014862270008479e-01,7.761435541175658315e-02,-1.004933493064401155e-02
1.139721710093405307e-03,1.618329381103851550e-04,-1.067058748998995776e-01,-1.329014862270012087e-01,7.761435541175670805e-02,-1.004933493064362297e-02
1.139721710093402488e-03,1.618329381103816855e-04,-1.138068575659152426e-01,-1.329014862270009867e-01,7.761435541175670805e-02,-1.004933493064317888e-02
-3.890365030459316288e-03,4.982920758871137862e-03,-1.316636925883117870e-01,-1.683929859181450550e-01,4.828905667247387207e-02,-9.192117064323792469e-03
-3.890365030459316722e-03,4.982920758871127453e-03,-1.339376336283510938e-01,-1.683929859181454436e-01,4.828905667247382349e-02,-9.192117064323905226e-03
-3.890365030459317589e-03,4.982920758871127453e-03,-1.340646630472964729e-01,-1.683929859181451938e-01,4.828905667247377492e-02,-9.192117064323849715e-03
-3.890365030459318890e-03,4.982920758871123984e-03,-1.320146447367497311e-01,-1.683929859181450828e-01,4.828905667247349737e-02,-9.192117064324906162e-03
-3.890365030459319324e-03,4.982920758871123984e-03,-1.279636651224919097e-01,-1.683929859181453048e-01,4.828905667247354594e-02,-9.192117064324961673e-03
-3.890365030459321059e-03,4.982920758871123984e-03,-1.210976678080387670e-01,-1.683929859181454436e-01,4.828905667247349043e-02,-9.192117064324739628e-03
-2.798930850339885132e-03,4.409639518483266657e-03,-1.086650966433265753e-01,-1.782197328082401888e-01,6.486909756802511362e-02,-1.653216214306997903e-02
-2.798930850339887734e-03,4.409639518483249310e-03,-9.892815816676381324e-02,-1.782197328082397447e-01,6.486909756802544669e-02,-1.653216214306959045e-02
-2.798930850339885999e-03,4.409639518483242371e-03,-8.614915120875588084e-02,-1.782197328082397725e-01,6.486909756802540505e-02,-1.653216214306931636e-02
-2.798930850339887734e-03,4.409639518483238901e-03,-7.337311971461513149e-02,-1.782197328082398835e-01,6.486909756802590465e-02,-1.653216214306853921e-02
-2.798930850339887734e-03,4.409639518483238901e-03,-5.948212850367762261e-02,-1.782197328082402166e-01,6.486909756802607119e-02,-1.653216214306792511e-02
-2.798930850339887734e-03,4.409639518483238901e-03,-4.280213582789638149e-02,-1.782197328082401055e-01,6.486909756802579363e-02,-1.653216214306870574e-02
1.261602960620568023e-03,1.459562407347739926e-03,-1.638985236881806973e-02,-6.695019965048995547e-02,5.933250209762627736e-02,-1.049049015947198932e-02
1.261602960620569975e-03,1.459562407347753804e-03,-5.308588385445345281e-04,-6.695019965048962240e-02,5.933250209762615940e-02,-1.049049015947159900e-02
1.261602960620569107e-03,1.459562407347757274e-03,1.742415825129928209e-02,-6.695019965048908117e-02,5.933250209762584021e-02,-1.049049015947221310e-02
1.261602960620571709e-03,1.459562407347753804e-03,3.319816032649458570e-02,-6.695019965048919219e-02,5.933250209762584715e-02,-1.049049015947199105e-02
1.261602960620575396e-03,1.459562407347753804e-03,4.852813163997116153e-02,-6.695019965048905342e-02,5.933250209762555571e-02,-1.049049015947271096e-02
1.261602960620579732e-03,1.459562407347753804e-03,6.493316093684609047e-02,-6.695019965048892852e-02,5.933250209762509775e-02,-1.049049015947315332e-02
3.214773115695709720e-03,-1.637334041104970828e-03,3.832787939384862952e-02,-1.791350356168145905e-02,4.409395047362928838e-02,-1.997777713480045764e-02
3.214773115695710587e-03,-1.637334041104977767e-03,5.071587988213011045e-02,-1.791350356168145558e-02,4.409395047362900388e-02,-1.997777713480100928e-02
3.214773115695710587e-03,-1.637334041104977767e-03,6.298688360527471275e-02,-1.791350356168212171e-02,4.409395047362900388e-02,-1.997777713480078723e-02
3.214773115695703648e-03,-1.637334041104981236e-03,7.221787878349739120e-02,-1.791350356168223273e-02,4.409395047362894837e-02,-1.997777713480084275e-02
3.214773115695697143e-03,-1.637334041104981236e-03,7.971387335136859154e-02,-1.791350356168234376e-02,4.409395047362905939e-02,-1.997777713480045417e-02
3.214773115695704515e-03,-1.637334041104981236e-03,8.592088171318501555e-02,-1.791350356168222926e-02,4.409395047362888592e-02,-1.997777713480139439e-02
2.802487559737597625e-03,-3.847830949809238205e-03,5.103860709983054633e-02,-1.113115103175586155e-03,7.789056628312530928e-02,-2.929721679765699693e-02
2.802487559737595890e-03,-3.847830949809238205e-03,5.246263358908831442e-02,-1.113115103175586372e-03,7.789056628312548969e-02,-2.929721679765633774e-02
2.802487559737596758e-03,-3.847830949809238205e-03,5.162763450461571590e-02,-1.113115103175363893e-03,7.789056628312497621e-02,-2.929721679765677489e-02
2.802487559737595023e-03,-3.847830949809238205e-03,4.873262260276023383e-02,-1.113115103175363893e-03,7.789056628312497621e-02,-2.929721679765655284e-02
2.802487559737595023e-03,-3.847830949809238205e-03,4.385961387473291673e-02,-1.113115103175475133e-03,7.789056628312486519e-02,-2.929721679765638978e-02
2.802487559737589819e-03,-3.847830949809234735e-03,3.611463401633441261e-02,-1.113115103175586155e-03,7.789056628312486519e-02,-2.929721679765616774e-02
2.765600409557726711e-03,-3.211724274553448555e-03,3.913911810580317230e-02,6.800815525015795580e-03,7.387949005628800803e-02,-2.332136016325997083e-02
2.765600409557727579e-03,-3.211724274553452024e-03,2.873811712924068118e-02,6.800815525015682823e-03,7.387949005628777210e-02,-2.332136016326041145e-02
2.765600409557729313e-03,-3.211724274553465902e-03,1.530111303988512805e-02,6.800815525016015890e-03,7.387949005628738353e-02,-2.332136016326112962e-02
2.765600409557731915e-03,-3.211724274553469372e-03,2.031116396818744008e-03,6.800815525015795580e-03,7.387949005628773047e-02,-2.332136016326047043e-02
2.765600409557736252e-03,-3.211724274553469372e-03,-1.226186761197045616e-02,6.800815525015684558e-03,7.387949005628800803e-02,-2.332136016325980429e-02
2.765600409557733650e-03,-3.211724274553472841e-03,-2.927488335904071537e-02,6.800815525015460779e-03,7.387949005628799415e-02,-2.332136016325963082e-02
1.777145350706051379e-03,-2.277702024120815960e-03,-3.694490785566606483e-03,-7.614617615106698822e-02,7.993101166158050885e-02,-1.731441872194990073e-02
1.777145350706053331e-03,-2.277702024120815960e-03,-1.962947308537110747e-02,-7.614617615106655801e-02,7.993101166158041171e-02,-1.731441872194962664e-02
1.777145350706056150e-03,-2.277702024120819430e-03,-3.754046856876946947e-02,-7.614617615106666904e-02,7.993101166158030069e-02,-1.731441872194990420e-02
1.777145350706054415e-03,-2.277702024120819430e-03,-5.315844952580073279e-02,-7.614617615106654414e-02,7.993101166158012028e-02,-1.731441872195023726e-02
1.777145350706054415e-03,-2.277702024120819430e-03,-6.822749554630835878e-02,-7.614617615106654414e-02,7.993101166158061988e-02,-1.731441872194940113e-02
1.777145350706054415e-03,-2.277702024120819430e-03,-8.421748578068333213e-02,-7.614617615106643311e-02,7.993101166158056436e-02,-1.731441872194934561e-02
-8.141981855996497167e-04,8.425929483894360750e-04,-7.563441568125761627e-02,-1.338668629122408138e-01,7.075321341069816528e-02,-8.677732331854710879e-03
-8.141981855996486325e-04,8.425929483894534222e-04,-8.746440225352314357e-02,-1.338668629122410358e-01,7.075321341069816528e-02,-8.677732331853987499e-03
-8.141981855996489577e-04,8.425929483894638305e-04,-9.901545816172629966e-02,-1.338668629122409248e-01,7.075321341069777670e-02,-8.677732331854932923e-03
-8.141981855996515598e-04,8.425929483894742389e-04,-1.075364237378980681e-01,-1.338668629122410636e-01,7.075321341069767955e-02,-8.677732331854546080e-03
-8.141981855996460304e-04,8.425929483894742389e-04,-1.142653971265700230e-01,-1.338668629122411746e-01,7.075321341069729097e-02,-8.677732331854934658e-03
-8.141981855996432114e-04,8.425929483894707694e-04,-1.195604258130934516e-01,-1.338668629122416187e-01,7.075321341069734649e-02,-8.677732331854879147e-03
-3.941899626125259723e-03,5.124718713769207262e-03,-1.345936641740249629e-01,-1.709180309277915366e-01,4.525512642981227573e-02,-8.592561902559504861e-03
-3.941899626125256254e-03,5.124718713769186446e-03,-1.351626644181654902e-01,-1.709180309277911758e-01,4.525512642981243533e-02,-8.592561902558835257e-03
-3.941899626125259723e-03,5.124718713769176037e-03,-1.333676204728529990e-01,-1.709180309277910925e-01,4.525512642981255329e-02,-8.592561902558115347e-03
-3.941899626125260590e-03,5.124718713769176037e-03,-1.296356258439468334e-01,-1.709180309277912035e-01,4.525512642981277533e-02,-8.592561902557726769e-03
-3.941899626125266662e-03,5.124718713769169098e-03,-1.239556179093764809e-01,-1.709180309277913978e-01,4.525512642981293493e-02,-8.592561902557612277e-03
-3.941899626125267529e-03,5.124718713769169098e-03,-1.153536281632827620e-01,-1.709180309277913978e-01,4.525512642981293493e-02,-8.592561902557780545e-03
-2.929074926840132247e-03,4.182531978432060815e-03,-9.803048658733048981e-02,-1.656654811213308098e-01,7.608088607319729579e-02,-1.783742343408559541e-02
-2.929074926840137018e-03,4.182531978432043468e-03,-8.699449110393187024e-02,-1.656654811213304490e-01,7.608088607319733743e-02,-1.783742343408603603e-02
-2.929074926840135283e-03,4.182531978432039999e-03,-7.293954420451764786e-02,-1.656654811213306988e-01,7.608088607319740682e-02,-1.783742343408592848e-02
-2.929074926840137018e-03,4.182531978432039999e-03,-5.921250868205663043e-02,-1.656654811213308931e-01,7.608088607319755947e-02,-1.783742343408581399e-02
-2.929074926840137018e-03,4.182531978432033060e-03,-4.455850172404873799e-02,-1.656654811213310041e-01,7.608088607319767049e-02,-1.783742343408564746e-02
-2.929074926840137018e-03,4.182531978432033060e-03,-2.726251173381444293e-02,-1.656654811213316980e-01,7.608088607319818397e-02,-1.783742343408537337e-02
1.476266294598695648e-03,2.745225630323457067e-04,-9.874473959254115307e-03,-7.352226119402820170e-02,6.596224464109816388e-02,-2.267654235583767275e-02
1.476266294598696082e-03,2.745225630323318289e-04,6.091559976292848511e-03,-7.352226119402864579e-02,6.596224464109860797e-02,-2.267654235583717315e-02
1.476266294598695432e-03,2.745225630323179511e-04,2.390657767648818322e-02,-7.352226119402875681e-02,6.596224464109916308e-02,-2.267654235583601088e-02
1.476266294598690878e-03,2.745225630323075428e-04,3.932459220285533519e-02,-7.352226119402886784e-02,6.596224464109921859e-02,-2.267654235583628844e-02
1.476266294598686541e-03,2.745225630323075428e-04,5.408953055734755377e-02,-7.352226119402886784e-02,6.596224464109949615e-02,-2.267654235583556679e-02
1.476266294598682855e-03,2.745225630323040733e-04,6.961756095285531742e-02,-7.352226119402908988e-02,6.596224464109944063e-02,-2.267654235583567782e-02
2.791012947251962032e-03,-3.110089594363308479e-03,4.483354220162893977e-02,-2.092017414712770210e-02,6.667348208925318043e-02,-2.360836918203307322e-02
2.791012947251958563e-03,-3.110089594363298071e-03,5.607152590524211444e-02,-2.092017414712781312e-02,6.667348208925290287e-02,-2.360836918203362833e-02
2.791012947251955961e-03,-3.110089594363291132e-03,6.686956057321080671e-02,-2.092017414712748352e-02,6.667348208925263919e-02,-2.360836918203402385e-02
2.791012947251952057e-03,-3.110089594363280724e-03,7.465455660592568154e-02,-2.092017414712737250e-02,6.667348208925252817e-02,-2.360836918203413487e-02
2.791012947251952057e-03,-3.110089594363273785e-03,8.059854159127721740e-02,-2.092017414712759454e-02,6.667348208925247266e-02,-2.360836918203391283e-02
2.791012947251952057e-03,-3.110089594363273785e-03,8.496656069528119026e-02,-2.092017414712748352e-02,6.667348208925241715e-02,-2.360836918203380180e-02
2.675562390515939717e-03,-4.112662295086746272e-03,5.196610704255744118e-02,-2.626019876325600896e-03,8.248611800763500090e-02,-3.000741619932353541e-02
2.675562390515942319e-03,-4.112662295086739334e-03,5.168011918855353048e-02,-2.626019876325711919e-03,8.248611800763461233e-02,-3.000741619932403501e-02
2.675562390515946222e-03,-4.112662295086728925e-03,4.893010392976449019e-02,-2.626019876325711485e-03,8.248611800763459845e-02,-3.000741619932425011e-02
2.675562390515944487e-03,-4.112662295086725456e-03,4.437211290193243673e-02,-2.626019876325378852e-03,8.248611800763394619e-02,-3.000741619932503421e-02
2.675562390515944487e-03,-4.112662295086711578e-03,3.790108934236213756e-02,-2.626019876325378852e-03,8.248611800763411273e-02,-3.000741619932475665e-02
2.675562390515944487e-03,-4.112662295086704639e-03,2.846612230134648591e-02,-2.626019876325156373e-03,8.248611800763420987e-02,-3.000741619932491625e-02
3.043014745075121093e-03,-4.147294609712640773e-03,4.197109553062849940e-02,-9.207140131247890102e-03,8.726640231960551553e-02,-2.999343082444145756e-02
3.043014745075120660e-03,-4.147294609712626895e-03,3.033306452476935977e-02,-9.207140131248113882e-03,8.726640231960584859e-02,-2.999343082444045835e-02
3.043014745075122394e-03,-4.147294609712619956e-03,1.569805475914443083e-02,-9.207140131247888368e-03,8.726640231960539063e-02,-2.999343082444111755e-02
3.043014745075127165e-03,-4.147294609712619956e-03,1.555064646839854348e-03,-9.207140131247890102e-03,8.726640231960529348e-02,-2.999343082444118000e-02
3.043014745075131502e-03,-4.147294609712619956e-03,-1.341792729651958282e-02,-9.207140131247668058e-03,8.726640231960496041e-02,-2.999343082444167960e-02
3.043014745075125430e-03,-4.147294609712619956e-03,-3.094791081702741309e-02,-9.207140131247557036e-03,8.726640231960512695e-02,-2.999343082444123551e-02
1.898111664125985178e-03,-2.197713184295971289e-03,-8.536125537325855994e-03,-8.007016393922908315e-02,7.573790094534460504e-02,-2.653605618281228498e-02
1.898111664125983877e-03,-2.197713184295978228e-03,-2.448613774435715040e-02,-8.007016393922906927e-02,7.573790094534409156e-02,-2.653605618281311765e-02
1.898111664125984527e-03,-2.197713184295988637e-03,-4.215314519064616849e-02,-8.007016393922862518e-02,7.573790094534398054e-02,-2.653605618281284009e-02
1.898111664125987129e-03,-2.197713184295995575e-03,-5.732709538595870402e-02,-8.007016393922862518e-02,7.573790094534409156e-02,-2.653605618281278458e-02
1.898111664125988213e-03,-2.197713184295995575e-03,-7.174512517111486520e-02,-8.007016393922895825e-02,7.573790094534420259e-02,-2.653605618281217049e-02
1.898111664125992550e-03,-2.197713184295995575e-03,-8.676808964865401208e-02,-8.007016393922897213e-02,7.573790094534432749e-02,-2.653605618281161885e-02
-9.885763044204666072e-04,1.012222136693566310e-03,-8.342136496026075765e-02,-1.570472960473785762e-01,5.125518976202932814e-02,-1.049598240088987604e-02
-9.885763044204670408e-04,1.012222136693569779e-03,-9.403637045342505552e-02,-1.570472960473786872e-01,5.125518976202932814e-02,-1.049598240088948746e-02
-9.885763044204689924e-04,1.012222136693573249e-03,-1.040503322454174873e-01,-1.570472960473783264e-01,5.125518976202914773e-02,-1.049598240088920817e-02
-9.885763044204676914e-04,1.012222136693569779e-03,-1.110773860784254330e-01,-1.570472960473783541e-01,5.125518976202932814e-02,-1.049598240088826448e-02
-9.885763044204724619e-04,1.012222136693569779e-03,-1.162193691106521154e-01,-1.570472960473785762e-01,5.125518976202921712e-02,-1.049598240088770937e-02
-9.885763044204752808e-04,1.012222136693569779e-03,-1.196473323674883682e-01,-1.570472960473788815e-01,5.125518976202909222e-02,-1.049598240088820723e-02
-3.938693334129211333e-03,5.193907134133438075e-03,-1.352483699226401104e-01,-1.777147781947910343e-01,4.503184787918750043e-02,-1.006715728936417170e-02
-3.938693334129212201e-03,5.193907134133455422e-03,-1.341083094978353651e-01,-1.777147781947906457e-01,4.503184787918720899e-02,-1.006715728936472508e-02
-3.938693334129210466e-03,5.193907134133462361e-03,-1.304113337898276104e-01,-1.777147781947908123e-01,4.503184787918761145e-02,-1.006715728936400517e-02
-3.938693334129210466e-03,5.193907134133469300e-03,-1.250403163337728829e-01,-1.777147781947907013e-01,4.503184787918788901e-02,-1.006715728936333903e-02
-3.938693334129210466e-03,5.193907134133469300e-03,-1.177963588142416640e-01,-1.777147781947905347e-01,4.503184787918776411e-02,-1.006715728936389241e-02
-3.938693334129210466e-03,5.193907134133472769e-03,-1.075563380622884813e-01,-1.777147781947907013e-01,4.503184787918838861e-02,-1.006715728936294872e-02
-1.609246262639321256e-03,1.782204777882632346e-03,-7.987101507893168417e-02,-1.719219202121605172e-01,4.640896592339347621e-02,-9.817215709816798017e-03
-1.609246262639320822e-03,1.782204777882639285e-03,-6.766398382893157315e-02,-1.719219202121601564e-01,4.640896592339319171e-02,-9.817215709817075572e-03
-1.609246262639320822e-03,1.782204777882646224e-03,-5.249300909748610966e-02,-1.719219202121602952e-01,4.640896592339336518e-02,-9.817215709816131883e-03
-1.609246262639319955e-03,1.782204777882649693e-03,-3.797297430744706048e-02,-1.719219202121599344e-01,4.640896592339308069e-02,-9.817215709816130148e-03
-1.609246262639319087e-03,1.782204777882649693e-03,-2.272501898518142216e-02,-1.719219202121596013e-01,4.640896592339269211e-02,-9.817215709816851793e-03
-1.609246262639320822e-03,1.782204777882646224e-03,-5.010022647290890419e-03,-1.719219202121597401e-01,4.640896592339264354e-02,-9.817215709816353927e-03
1.135472623662512476e-03,-1.377888471429222772e-03,-2.771278712920932641e-03,-1.062228960383682641e-01,7.552575158558805235e-02,-2.322868015813394846e-02
1.135472623662517246e-03,-1.377888471429243589e-03,1.311769833786013972e-02,-1.062228960383683751e-01,7.552575158558816337e-02,-2.322868015813372641e-02
1.135472623662520065e-03,-1.377888471429257466e-03,3.058672299606302047e-02,-1.062228960383684861e-01,7.552575158558849644e-02,-2.322868015813322681e-02
1.135472623662519415e-03,-1.377888471429260936e-03,4.547373166305501702e-02,-1.062228960383685972e-01,7.552575158558832991e-02,-2.322868015813350437e-02
1.135472623662519415e-03,-1.377888471429260936e-03,5.950273862106270073e-02,-1.062228960383682641e-01,7.552575158558805235e-02,-2.322868015813411499e-02
1.135472623662521149e-03,-1.377888471429260936e-03,7.397673001510574053e-02,-1.062228960383683751e-01,7.552575158558788582e-02,-2.322868015813411499e-02
2.909839704448493897e-03,-3.519371646979407853e-03,5.034178526531118969e-02,-1.840400476771195462e-02,8.448966571072147325e-02,-2.821620606189176664e-02
2.909839704448496066e-03,-3.519371646979414792e-03,6.030279905925650663e-02,-1.840400476771173258e-02,8.448966571072130671e-02,-2.821620606189187766e-02
2.909839704448497801e-03,-3.519371646979414792e-03,6.950381071697142588e-02,-1.840400476771150706e-02,8.448966571072090426e-02,-2.821620606189264788e-02
2.909839704448496066e-03,-3.519371646979418261e-03,7.575178892742062686e-02,-1.840400476771139604e-02,8.448966571072084875e-02,-2.821620606189248134e-02
2.909839704448496066e-03,-3.519371646979418261e-03,8.007677824626824314e-02,-1.840400476771151053e-02,8.448966571072052956e-02,-2.821620606189304339e-02
2.909839704448496066e-03,-3.519371646979418261e-03,8.255579741130736338e-02,-1.840400476771162155e-02,8.448966571072036302e-02,-2.821620606189309891e-02
2.721024375993342202e-03,-4.196501716264348231e-03,5.142707650235134320e-02,-2.979246171092775428e-03,8.395868737817067939e-02,-3.130749253389326220e-02
2.721024375993337865e-03,-4.196501716264351700e-03,4.943507973721483761e-02,-2.979246171093330973e-03,8.395868737817129002e-02,-3.130749253389231851e-02
2.721024375993337865e-03,-4.196501716264355170e-03,4.480209176114058334e-02,-2.979246171093219084e-03,8.395868737817133165e-02,-3.130749253389214504e-02
2.721024375993333529e-03,-4.196501716264358639e-03,3.863307778408986426e-02,-2.979246171093663173e-03,8.395868737817205329e-02,-3.130749253389120135e-02
2.721024375993332228e-03,-4.196501716264355170e-03,3.063709084561327955e-02,-2.979246171093553018e-03,8.395868737817195615e-02,-3.130749253389120829e-02
2.721024375993334830e-03,-4.196501716264358639e-03,1.962207619717581952e-02,-2.979246171093552151e-03,8.395868737817183125e-02,-3.130749253389142339e-02
3.172325948842084041e-03,-3.697553500325169440e-03,3.451344786125054576e-02,-1.420661564195120109e-02,6.954789412896138223e-02,-2.862759394958452192e-02
3.172325948842079704e-03,-3.697553500325172909e-03,2.177342710929730529e-02,-1.420661564195120109e-02,6.954789412896165979e-02,-2.862759394958407783e-02
3.172325948842082306e-03,-3.697553500325176379e-03,6.109402756269921575e-03,-1.420661564195120109e-02,6.954789412896154877e-02,-2.862759394958429987e-02
3.172325948842076235e-03,-3.697553500325176379e-03,-8.745562453690958193e-03,-1.420661564195120109e-02,6.954789412896171530e-02,-2.862759394958446640e-02
3.172325948842072332e-03,-3.697553500325172909e-03,-2.422560395759720819e-02,-1.420661564195109007e-02,6.954789412896204837e-02,-2.862759394958396680e-02
3.172325948842069730e-03,-3.697553500325176379e-03,-4.207258882087849816e-02,-1.420661564195142314e-02,6.954789412896232592e-02,-2.862759394958346720e-02
2.251557786993267814e-03,-5.826348884435499087e-04,-1.653082077770406944e-02,-5.142720965901191599e-02,6.414747784768559669e-02,-2.267917099135155490e-02
2.251557786993272584e-03,-5.826348884435360309e-04,-3.231283371715698571e-02,-5.142720965901169394e-02,6.414747784768548566e-02,-2.267917099135172143e-02
2.251557786993275186e-03,-5.826348884435290920e-04,-4.953382675914907995e-02,-5.142720965901202701e-02,6.414747784768581873e-02,-2.267917099135122183e-02
2.251557786993274753e-03,-5.826348884435221531e-04,-6.408979599743025446e-02,-5.142720965901202701e-02,6.414747784768592975e-02,-2.267917099135066672e-02
2.251557786993274753e-03,-5.826348884435221531e-04,-7.769079392223499081e-02,-5.142720965901213803e-02,6.414747784768642935e-02,-2.267917099134988956e-02
2.251557786993274753e-03,-5.826348884435221531e-04,-9.157377426891466499e-02,-5.142720965901202701e-02,6.414747784768592975e-02,-2.267917099135066672e-02
-2.682082658219102182e-03,3.392388273129345183e-03,-1.011672313677322022e-01,-1.620987491144254555e-01,8.166987428977053043e-02,-2.272020493414935241e-02
-2.682082658219102182e-03,3.392388273129359061e-03,-1.104451854692949375e-01,-1.620987491144251225e-01,8.166987428977036390e-02,-2.272020493415007406e-02
-2.682082658219102182e-03,3.392388273129369469e-03,-1.188072307573810882e-01,-1.620987491144245396e-01,8.166987428977007246e-02,-2.272020493415107326e-02
-2.682082658219103050e-03,3.392388273129366000e-03,-1.242591960894126046e-01,-1.620987491144242343e-01,8.166987428976986430e-02,-2.272020493415096570e-02
-2.682082658219108254e-03,3.392388273129366000e-03,-1.277542217241783851e-01,-1.620987491144237624e-01,8.166987428976946184e-02,-2.272020493415185041e-02
-2.682082658219114325e-03,3.392388273129369469e-03,-1.292772014605065856e-01,-1.620987491144236792e-01,8.166987428976980878e-02,-2.272020493415163184e-02
-4.237637773481299670e-03,5.431475456425294973e-03,-1.353729523293809578e-01,-1.755560616009766706e-01,4.628920358566135373e-02,-1.079445779196963259e-02
-4.237637773481301405e-03,5.431475456425281095e-03,-1.325349701516466139e-01,-1.755560616009768926e-01,4.628920358566157578e-02,-1.079445779196902197e-02
-4.237637773481296201e-03,5.431475456425270687e-03,-1.269789398782090739e-01,-1.755560616009771147e-01,4.628920358566224191e-02,-1.079445779196813206e-02
-4.237637773481294466e-03,5.431475456425270687e-03,-1.200299347512560066e-01,-1.755560616009773367e-01,4.628920358566235294e-02,-1.079445779196824308e-02
-4.237637773481290129e-03,5.431475456425270687e-03,-1.113059509866075603e-01,-1.755560616009776698e-01,4.628920358566235294e-02,-1.079445779196813206e-02
-4.237637773481288395e-03,5.431475456425267218e-03,-9.954592596219347111e-02,-1.755560616009775310e-01,4.628920358566273457e-02,-1.079445779196796379e-02
-1.572296796653998349e-03,1.791282357129088398e-03,-7.326626211351050522e-02,-1.437605774105903123e-01,6.501096715483989374e-02,-7.350142401421433901e-03
-1.572296796653995530e-03,1.791282357129091868e-03,-6.002819448655749568e-02,-1.437605774105904510e-01,6.501096715483972721e-02,-7.350142401421766968e-03
-1.572296796653992711e-03,1.791282357129098807e-03,-4.391621023362779486e-02,-1.437605774105901180e-01,6.501096715483983823e-02,-7.350142401421766968e-03
-1.572296796653994445e-03,1.791282357129102276e-03,-2.876926809495594650e-02,-1.437605774105901180e-01,6.501096715483956068e-02,-7.350142401422156413e-03
-1.572296796653994445e-03,1.791282357129102276e-03,-1.310223013108868795e-02,-1.437605774105901180e-01,6.501096715483972721e-02,-7.350142401421989879e-03
-1.572296796653994445e-03,1.791282357129098807e-03,4.826770723403428498e-03,-1.437605774105899792e-01,6.501096715483972721e-02,-7.350142401422211057e-03
1.438312209974917412e-03,-1.286239503246744409e-03,4.012501954513414404e-03,-8.599095467693429473e-02,7.112503368952617644e-02,-1.661520160124179898e-02
1.438312209974913509e-03,-1.286239503246751348e-03,1.964253735490406605e-02,-8.599095467693418371e-02,7.112503368952595439e-02,-1.661520160124213205e-02
1.438312209974911557e-03,-1.286239503246751348e-03,3.656552624650555305e-02,-8.599095467693440575e-02,7.112503368952595439e-02,-1.661520160124218756e-02
1.438312209974911340e-03,-1.286239503246754817e-03,5.074956250138840108e-02,-8.599095467693396166e-02,7.112503368952528826e-02,-1.661520160124340881e-02
1.438312209974912208e-03,-1.286239503246754817e-03,6.388253521867359730e-02,-8.599095467693407269e-02,7.112503368952489968e-02,-1.661520160124401943e-02
1.438312209974910473e-03,-1.286239503246754817e-03,7.713654828019700371e-02,-8.599095467693383676e-02,7.112503368952483029e-02,-1.661520160124407147e-02
2.461298793454014082e-03,-2.905780507785473560e-03,4.698679751340850697e-02,-4.361744689546179568e-03,7.303189685758632033e-02,-2.043493951697033031e-02
2.461298793454013215e-03,-2.905780507785483968e-03,5.555479830686549381e-02,-4.361744689546068546e-03,7.303189685758620930e-02,-2.043493951697044134e-02
2.461298793454015817e-03,-2.905780507785483968e-03,6.305277651731477917e-02,-4.361744689546401613e-03,7.303189685758576521e-02,-2.043493951697116298e-02
2.461298793454009745e-03,-2.905780507785487438e-03,6.769377535764675713e-02,-4.361744689546179568e-03,7.303189685758554317e-02,-2.043493951697144054e-02
2.461298793454005842e-03,-2.905780507785487438e-03,7.034880465452175713e-02,-4.361744689546624525e-03,7.303189685758577909e-02,-2.043493951697138850e-02
2.461298793454003240e-03,-2.905780507785487438e-03,7.091078585569365877e-02,-4.361744689546513502e-03,7.303189685758594563e-02,-2.043493951697105543e-02
2.743877985926404355e-03,-4.036244995364767635e-03,4.820456878143375423e-02,8.322679020142991152e-04,8.120207059300743602e-02,-3.035247384951045291e-02
2.743877985926403487e-03,-4.036244995364771104e-03,4.452956572967581295e-02,8.322679020142991152e-04,8.120207059300754704e-02,-3.035247384951045291e-02
2.743877985926403487e-03,-4.036244995364771104e-03,3.806655303436312643e-02,8.322679020141879845e-04,8.120207059300771357e-02,-3.035247384951034189e-02
2.743877985926399150e-03,-4.036244995364771104e-03,3.035758391815213120e-02,8.322679020144101375e-04,8.120207059300743602e-02,-3.035247384951067495e-02
2.743877985926397849e-03,-4.036244995364767635e-03,2.092856780487084567e-02,8.322679020144101375e-04,8.120207059300732499e-02,-3.035247384951073046e-02
2.743877985926400451e-03,-4.036244995364771104e-03,8.459581293640439092e-03,8.322679020142991152e-04,8.120207059300726948e-02,-3.035247384951078597e-02
3.505982506887057436e-03,-2.354747431130715246e-03,2.699554264866066422e-02,-1.281098752449781088e-02,4.594956817020302842e-02,-2.309805419846411995e-02
3.505982506887052666e-03,-2.354747431130722185e-03,1.329852879368043084e-02,-1.281098752449814047e-02,4.594956817020346557e-02,-2.309805419846339483e-02
3.505982506887052666e-03,-2.354747431130732593e-03,-3.215448257100739227e-03,-1.281098752449825150e-02,4.594956817020352108e-02,-2.309805419846367239e-02
3.505982506887048329e-03,-2.354747431130743002e-03,-1.861149012721785567e-02,-1.281098752449814047e-02,4.594956817020352108e-02,-2.309805419846394994e-02
3.505982506887047028e-03,-2.354747431130743002e-03,-3.442142665065528462e-02,-1.281098752449814394e-02,4.594956817020363904e-02,-2.309805419846378688e-02
3.505982506887049630e-03,-2.354747431130739532e-03,-5.237941920436628429e-02,-1.281098752449769985e-02,4.594956817020313944e-02,-2.309805419846467506e-02
2.053878067856952129e-03,4.505536090587056175e-04,-2.042932700755029085e-02,-4.588155185225731986e-02,6.486082108372806521e-02,-1.514319996621841385e-02
2.053878067856950394e-03,4.505536090586882703e-04,-3.586336326243333428e-02,-4.588155185225697985e-02,6.486082108372800969e-02,-1.514319996621841385e-02
2.053878067856952129e-03,4.505536090586778619e-04,-5.243936729075382441e-02,-4.588155185225754884e-02,6.486082108372807908e-02,-1.514319996621858386e-02
2.053878067856950394e-03,4.505536090586778619e-04,-6.621034812571491290e-02,-4.588155185225709087e-02,6.486082108372784316e-02,-1.514319996621869141e-02
2.053878067856950394e-03,4.505536090586778619e-04,-7.883737754466058067e-02,-4.588155185225709781e-02,6.486082108372734356e-02,-1.514319996621930203e-02
2.053878067856950394e-03,4.505536090586743925e-04,-9.142336082102797690e-02,-4.588155185225765292e-02,6.486082108372751009e-02,-1.514319996621858039e-02
-2.042544918590542477e-03,3.922716155255447090e-03,-1.081452313631794393e-01,-1.628638469105328779e-01,6.560612549900142476e-02,-1.779521062397784043e-02
-2.042544918590541610e-03,3.922716155255450560e-03,-1.159792462557578396e-01,-1.628638469105328501e-01,6.560612549900107782e-02,-1.779521062397800349e-02
-2.042544918590540742e-03,3.922716155255457499e-03,-1.225922528475548168e-01,-1.628638469105328501e-01,6.560612549900074475e-02,-1.779521062397805900e-02
-2.042544918590538140e-03,3.922716155255460968e-03,-1.264082471102503380e-01,-1.628638469105327391e-01,6.560612549900063373e-02,-1.779521062397817002e-02
-2.042544918590538140e-03,3.922716155255454029e-03,-1.282162610262659319e-01,-1.628638469105328779e-01,6.560612549900020352e-02,-1.779521062397883963e-02
-2.042544918590538140e-03,3.922716155255454029e-03,-1.278152600497034497e-01,-1.628638469105322950e-01,6.560612549899969004e-02,-1.779521062397989434e-02
-4.400122644940912542e-03,5.413933081303560352e-03,-1.312751451570628447e-01,-1.713587051352655766e-01,5.156380993702431442e-02,-1.196806037818483152e-02
-4.400122644940910807e-03,5.413933081303567291e-03,-1.267721239168281278e-01,-1.713587051352650492e-01,5.156380993702388421e-02,-1.196806037818527908e-02
-4.400122644940911674e-03,5.413933081303574230e-03,-1.194221178133122452e-01,-1.713587051352650215e-01,5.156380993702364829e-02,-1.196806037818566419e-02
-4.400122644940913409e-03,5.413933081303577699e-03,-1.109741655428043705e-01,-1.713587051352651602e-01,5.156380993702410626e-02,-1.196806037818511255e-02
-4.400122644940917746e-03,5.413933081303577699e-03,-1.008691850740542906e-01,-1.713587051352650215e-01,5.156380993702414789e-02,-1.196806037818510908e-02
-4.400122644940919481e-03,5.413933081303574230e-03,-8.772518788167149584e-02,-1.713587051352649104e-01,5.156380993702403687e-02,-1.196806037818549766e-02
3.500574229858294945e-04,1.131412396776252521e-03,-5.807882333179659184e-02,-1.445743027101775713e-01,7.475134545137267217e-02,-7.825337852540739311e-03
3.500574229858271634e-04,1.131412396776245582e-03,-4.396177316089788789e-02,-1.445743027101772382e-01,7.475134545137239461e-02,-7.825337852541127889e-03
3.500574229858286271e-04,1.131412396776242113e-03,-2.709379220386654019e-02,-1.445743027101769052e-01,7.475134545137200603e-02,-7.825337852541795758e-03
3.500574229858271634e-04,1.131412396776242113e-03,-1.149274850269454973e-02,-1.445743027101772660e-01,7.475134545137218645e-02,-7.825337852541629224e-03
3.500574229858268924e-04,1.131412396776242113e-03,4.413242097891401095e-03,-1.445743027101769884e-01,7.475134545137204767e-02,-7.825337852541905045e-03
3.500574229858266213e-04,1.131412396776238644e-03,2.235017752269607971e-02,-1.445743027101772382e-01,7.475134545137195052e-02,-7.825337852542017802e-03
1.720516604848699180e-03,-1.173661612890095768e-03,6.689010963571551116e-03,-7.687472443715695491e-02,5.875828158034095139e-02,-1.998514276983310786e-02
1.720516604848701565e-03,-1.173661612890099237e-03,2.188104282392300259e-02,-7.687472443715695491e-02,5.875828158034095139e-02,-1.998514276983288582e-02
1.720516604848704384e-03,-1.173661612890099237e-03,3.806398044599323960e-02,-7.687472443715687165e-02,5.875828158034068771e-02,-1.998514276983250418e-02
1.720516604848706986e-03,-1.173661612890099237e-03,5.138101230634473104e-02,-7.687472443715698267e-02,5.875828158034079873e-02,-1.998514276983222662e-02
1.720516604848708071e-03,-1.173661612890099237e-03,6.346700321210640983e-02,-7.687472443715676063e-02,5.875828158034063220e-02,-1.998514276983217111e-02
1.720516604848712407e-03,-1.173661612890102707e-03,7.534799228681343664e-02,-7.687472443715720472e-02,5.875828158034057669e-02,-1.998514276983167151e-02
2.570679142982335800e-03,-3.368521167382274029e-03,4.989018705705905443e-02,-5.370634805713292957e-03,8.465783337976083567e-02,-2.551736834787357577e-02
2.570679142982330596e-03,-3.368521167382270559e-03,5.696816709856267202e-02,-5.370634805713181935e-03,8.465783337976078016e-02,-2.551736834787374231e-02
2.570679142982327560e-03,-3.368521167382270559e-03,6.267716673235168567e-02,-5.370634805712960758e-03,8.465783337976036382e-02,-2.551736834787441538e-02
2.570679142982328427e-03,-3.368521167382267090e-03,6.565617826799607926e-02,-5.370634805712626823e-03,8.465783337975990586e-02,-2.551736834787518560e-02
2.570679142982329295e-03,-3.368521167382267090e-03,6.661217954973430722e-02,-5.370634805712293756e-03,8.465783337976001688e-02,-2.551736834787474151e-02
2.570679142982332764e-03,-3.368521167382270559e-03,6.525018003801563715e-02,-5.370634805712070844e-03,8.465783337975973932e-02,-2.551736834787546315e-02
3.209800588287071033e-03,-4.235841736191636037e-03,5.137143415624823017e-02,-1.167742922729617583e-03,8.434200009702833012e-02,-3.538519391973866945e-02
3.209800588287069732e-03,-4.235841736191636037e-03,4.605443281347498807e-02,-1.167742922729839844e-03,8.434200009702812195e-02,-3.538519391973845435e-02
3.209800588287071467e-03,-4.235841736191636037e-03,3.783643049413898396e-02,-1.167742922729951083e-03,8.434200009702785827e-02,-3.538519391973895395e-02
3.209800588287069732e-03,-4.235841736191636037e-03,2.867543501074065748e-02,-1.167742922729951083e-03,8.434200009702758072e-02,-3.538519391973934253e-02
3.209800588287069732e-03,-4.235841736191636037e-03,1.792241377050629580e-02,-1.167742922729839627e-03,8.434200009702710887e-02,-3.538519391973983519e-02
3.209800588287069732e-03,-4.235841736191636037e-03,4.141438428709398600e-03,-1.167742922730395172e-03,8.434200009702713663e-02,-3.538519391973967559e-02
3.081552901612154283e-03,-1.642878391172927777e-03,2.108928784974339887e-02,-6.750752848257437003e-03,5.838977718003195150e-02,-2.629766695305743238e-02
3.081552901612157318e-03,-1.642878391172938185e-03,6.593285652477742786e-03,-6.750752848257214958e-03,5.838977718003217354e-02,-2.629766695305754340e-02
3.081552901612162089e-03,-1.642878391172945124e-03,-1.058071031920193583e-02,-6.750752848257214958e-03,5.838977718003245110e-02,-2.629766695305715482e-02
3.081552901612160354e-03,-1.642878391172948593e-03,-2.634166612974886412e-02,-6.750752848257325980e-03,5.838977718003234008e-02,-2.629766695305709931e-02
3.081552901612160354e-03,-1.642878391172948593e-03,-4.229869737974867316e-02,-6.750752848257325980e-03,5.838977718003256212e-02,-2.629766695305698829e-02
3.081552901612160354e-03,-1.642878391172952063e-03,-6.016368761412371757e-02,-6.750752848257437003e-03,5.838977718003278417e-02,-2.629766695305643318e-02
1.858145638544129964e-03,7.580049755233457531e-04,-3.230150967988998367e-02,-7.100908909999685548e-02,6.299148458785362725e-02,-1.652594050006863519e-02
1.858145638544134951e-03,7.580049755233318753e-04,-4.720850736055393071e-02,-7.100908909999706364e-02,6.299148458785333582e-02,-1.652594050006951990e-02
1.858145638544139505e-03,7.580049755233284059e-04,-6.295054227266327906e-02,-7.100908909999718854e-02,6.299148458785340521e-02,-1.652594050006969337e-02
1.858145638544138854e-03,7.580049755233249364e-04,-7.577753812227261410e-02,-7.100908909999763263e-02,6.299148458785362725e-02,-1.652594050006941581e-02
1.858145638544138854e-03,7.580049755233249364e-04,-8.728754788789760966e-02,-7.100908909999752161e-02,6.299148458785379379e-02,-1.652594050006880172e-02
1.858145638544138854e-03,7.580049755233249364e-04,-9.842951566133506525e-02,-7.100908909999750773e-02,6.299148458785366889e-02,-1.652594050006941234e-02
