x,y,z,qw,qx,qy,qz
0.000000000000000000e+00,1.999999999999998654e-02,7.637000274658204413e-01,2.125969995986231875e-01,2.125969995986228822e-01,6.743904772175114415e-01,-6.743904772175114415e-01
8.673617379884035472e-19,1.999999999999997613e-02,7.637000274658206633e-01,2.125969995986232985e-01,2.125969995986227712e-01,6.743904772175115525e-01,-6.743904772175115525e-01
-6.866613759074863020e-19,1.999999999999996225e-02,7.637000274658207744e-01,2.125969995986233541e-01,2.125969995986225491e-01,6.743904772175115525e-01,-6.743904772175114415e-01
7.243072846743437204e-19,1.999999999999996572e-02,7.637000274658207744e-01,2.125969995986233263e-01,2.125969995986227712e-01,6.743904772175117746e-01,-6.743904772175116635e-01
1.018259088962224915e-18,1.999999999999996572e-02,7.637000274658207744e-01,2.125969995986232985e-01,2.125969995986225491e-01,6.743904772175114415e-01,-6.743904772175115525e-01
-3.851472255899462526e-03,2.479267313529981767e-02,7.066326350632040620e-01,2.122813286144924205e-01,1.872893197925970254e-01,6.254456249077661179e-01,-7.271018625316719719e-01
-3.851472255899462526e-03,2.479267313529981767e-02,7.066326350632042841e-01,2.122813286144923928e-01,1.872893197925968867e-01,6.254456249077660068e-01,-7.271018625316717499e-01
-3.851472255899465128e-03,2.479267313529981767e-02,7.066326350632046172e-01,2.122813286144922817e-01,1.872893197925975528e-01,6.254456249077660068e-01,-7.271018625316720829e-01
-3.851472255899465562e-03,2.479267313529981420e-02,7.066326350632046172e-01,2.122813286144923373e-01,1.872893197925969977e-01,6.254456249077658958e-01,-7.271018625316716388e-01
-3.851472255899469031e-03,2.479267313529981420e-02,7.066326350632046172e-01,2.122813286144925315e-01,1.872893197925967756e-01,6.254456249077660068e-01,-7.271018625316718609e-01
-3.851472255899470766e-03,2.479267313529981073e-02,7.066326350632046172e-01,2.122813286144924760e-01,1.872893197925969977e-01,6.254456249077661179e-01,-7.271018625316720829e-01
-2.934201051824220259e-03,2.465448775230892967e-02,7.038500480321301378e-01,2.103138680673174998e-01,1.829101599139243139e-01,6.163143130864369157e-01,-7.365246891880943281e-01
-2.934201051824221994e-03,2.465448775230890538e-02,7.038500480321302488e-01,2.103138680673175276e-01,1.829101599139245637e-01,6.163143130864370267e-01,-7.365246891880944391e-01
-2.934201051824218524e-03,2.465448775230889150e-02,7.038500480321303598e-01,2.103138680673175831e-01,1.829101599139245637e-01,6.163143130864368047e-01,-7.365246891880943281e-01
-2.934201051824215055e-03,2.465448775230888456e-02,7.038500480321303598e-01,2.103138680673176664e-01,1.829101599139242307e-01,6.163143130864365826e-01,-7.365246891880942171e-01
-2.934201051824214188e-03,2.465448775230888456e-02,7.038500480321303598e-01,2.103138680673176386e-01,1.829101599139245637e-01,6.163143130864368047e-01,-7.365246891880945501e-01
-2.934201051824209851e-03,2.465448775230888456e-02,7.038500480321303598e-01,2.103138680673175831e-01,1.829101599139246748e-01,6.163143130864368047e-01,-7.365246891880946611e-01
8.497325283515007495e-04,2.142598659254056279e-02,7.158277940437114406e-01,1.982028258495824036e-01,1.883638651234815775e-01,6.489619938657203990e-01,-7.099880454337322844e-01
8.497325283514984727e-04,2.142598659254055585e-02,7.158277940437116627e-01,1.982028258495824313e-01,1.883638651234814665e-01,6.489619938657205100e-01,-7.099880454337322844e-01
8.497325283514953285e-04,2.142598659254055585e-02,7.158277940437116627e-01,1.982028258495824036e-01,1.883638651234816885e-01,6.489619938657206211e-01,-7.099880454337323954e-01
8.497325283514947864e-04,2.142598659254055238e-02,7.158277940437116627e-01,1.982028258495824313e-01,1.883638651234814665e-01,6.489619938657205100e-01,-7.099880454337321734e-01
8.497325283514925096e-04,2.142598659254055238e-02,7.158277940437116627e-01,1.982028258495823481e-01,1.883638651234816885e-01,6.489619938657206211e-01,-7.099880454337322844e-01
8.497325283514925096e-04,2.142598659254055585e-02,7.158277940437116627e-01,1.982028258495822926e-01,1.883638651234816885e-01,6.489619938657206211e-01,-7.099880454337321734e-01
3.053713828438967600e-03,1.884666083362199207e-02,6.778593104488679355e-01,1.905802896509737054e-01,2.018311233617623435e-01,6.695935494106772801e-01,-6.889033527474599516e-01
3.053713828438968901e-03,1.884666083362200595e-02,6.778593104488680465e-01,1.905802896509737887e-01,2.018311233617621214e-01,6.695935494106771690e-01,-6.889033527474597296e-01
3.053713828438970202e-03,1.884666083362201983e-02,6.778593104488681576e-01,1.905802896509739275e-01,2.018311233617618994e-01,6.695935494106770580e-01,-6.889033527474597296e-01
3.053713828438973672e-03,1.884666083362201983e-02,6.778593104488681576e-01,1.905802896509741495e-01,2.018311233617611222e-01,6.695935494106769470e-01,-6.889033527474595076e-01
3.053713828438978008e-03,1.884666083362201983e-02,6.778593104488681576e-01,1.905802896509743438e-01,2.018311233617613443e-01,6.695935494106773911e-01,-6.889033527474598406e-01
3.053713828438971937e-03,1.884666083362201983e-02,6.778593104488681576e-01,1.905802896509743716e-01,2.018311233617611222e-01,6.695935494106772801e-01,-6.889033527474597296e-01
3.227278217687039492e-03,1.599805854843529621e-02,6.413713565097293179e-01,1.734764281323959989e-01,1.975604630845271548e-01,6.768641838192283045e-01,-6.875541207577645642e-01
3.227278217687036890e-03,1.599805854843530314e-02,6.413713565097294289e-01,1.734764281323958601e-01,1.975604630845274601e-01,6.768641838192285265e-01,-6.875541207577646752e-01
3.227278217687036023e-03,1.599805854843530661e-02,6.413713565097295399e-01,1.734764281323957769e-01,1.975604630845279042e-01,6.768641838192286375e-01,-6.875541207577645642e-01
3.227278217687031252e-03,1.599805854843530661e-02,6.413713565097296510e-01,1.734764281323959156e-01,1.975604630845272380e-01,6.768641838192283045e-01,-6.875541207577641201e-01
3.227278217687026916e-03,1.599805854843530661e-02,6.413713565097296510e-01,1.734764281323959434e-01,1.975604630845271270e-01,6.768641838192286375e-01,-6.875541207577643421e-01
3.227278217687030819e-03,1.599805854843530661e-02,6.413713565097296510e-01,1.734764281323959156e-01,1.975604630845272380e-01,6.768641838192286375e-01,-6.875541207577642311e-01
2.783447210421459428e-03,1.619751436731332872e-02,6.463341289685404778e-01,1.726256339632109837e-01,1.917427647632021503e-01,6.809224559925837195e-01,-6.854047793711323111e-01
2.783447210421461596e-03,1.619751436731333566e-02,6.463341289685403668e-01,1.726256339632109560e-01,1.917427647632020671e-01,6.809224559925836084e-01,-6.854047793711324221e-01
2.783447210421464632e-03,1.619751436731334607e-02,6.463341289685402558e-01,1.726256339632108172e-01,1.917427647632025112e-01,6.809224559925837195e-01,-6.854047793711327552e-01
2.783447210421464632e-03,1.619751436731334954e-02,6.463341289685402558e-01,1.726256339632109282e-01,1.917427647632018450e-01,6.809224559925832754e-01,-6.854047793711324221e-01
2.783447210421465499e-03,1.619751436731336341e-02,6.463341289685402558e-01,1.726256339632109560e-01,1.917427647632018450e-01,6.809224559925833864e-01,-6.854047793711326442e-01
2.783447210421460295e-03,1.619751436731337035e-02,6.463341289685402558e-01,1.726256339632110393e-01,1.917427647632016230e-01,6.809224559925833864e-01,-6.854047793711326442e-01
2.004399639010088358e-03,1.816992930650361202e-02,6.786921299187729240e-01,1.876655601499468140e-01,1.918380101297375295e-01,6.587454218099798586e-01,-7.028757248955613823e-01
2.004399639010093128e-03,1.816992930650358773e-02,6.786921299187727019e-01,1.876655601499468140e-01,1.918380101297375573e-01,6.587454218099799697e-01,-7.028757248955616044e-01
2.004399639010095730e-03,1.816992930650357732e-02,6.786921299187725909e-01,1.876655601499467585e-01,1.918380101297373352e-01,6.587454218099797476e-01,-7.028757248955614934e-01
2.004399639010095296e-03,1.816992930650357385e-02,6.786921299187725909e-01,1.876655601499467863e-01,1.918380101297375573e-01,6.587454218099798586e-01,-7.028757248955616044e-01
2.004399639010095296e-03,1.816992930650357385e-02,6.786921299187725909e-01,1.876655601499467585e-01,1.918380101297376683e-01,6.587454218099798586e-01,-7.028757248955616044e-01
2.004399639010093562e-03,1.816992930650357385e-02,6.786921299187725909e-01,1.876655601499467863e-01,1.918380101297376683e-01,6.587454218099798586e-01,-7.028757248955616044e-01
1.139721710093412679e-03,2.016183293811036475e-02,7.126941495141625449e-01,1.965479025899314058e-01,1.750919021972909551e-01,6.347917888607566006e-01,-7.264648185338320463e-01
1.139721710093411595e-03,2.016183293811037516e-02,7.126941495141626559e-01,1.965479025899314613e-01,1.750919021972907608e-01,6.347917888607567116e-01,-7.264648185338320463e-01
1.139721710093411595e-03,2.016183293811038557e-02,7.126941495141627669e-01,1.965479025899315169e-01,1.750919021972906497e-01,6.347917888607566006e-01,-7.264648185338319353e-01
1.139721710093408126e-03,2.016183293811038557e-02,7.126941495141628780e-01,1.965479025899315724e-01,1.750919021972907608e-01,6.347917888607568226e-01,-7.264648185338321573e-01
1.139721710093405307e-03,2.016183293811038557e-02,7.126941495141628780e-01,1.965479025899316279e-01,1.750919021972905387e-01,6.347917888607566006e-01,-7.264648185338319353e-01
1.139721710093402488e-03,2.016183293811038210e-02,7.126941495141628780e-01,1.965479025899317667e-01,1.750919021972904277e-01,6.347917888607568226e-01,-7.264648185338319353e-01
-3.890365030459316288e-03,2.498292075887113828e-02,6.991063422017272933e-01,2.102991991447795417e-01,1.807363709678854735e-01,6.192401352120894265e-01,-7.346089204406222040e-01
-3.890365030459316722e-03,2.498292075887112787e-02,6.991063422017270712e-01,2.102991991447795417e-01,1.807363709678855290e-01,6.192401352120894265e-01,-7.346089204406224260e-01
-3.890365030459317589e-03,2.498292075887112787e-02,6.991063422017269602e-01,2.102991991447795417e-01,1.807363709678855290e-01,6.192401352120894265e-01,-7.346089204406223150e-01
-3.890365030459318890e-03,2.498292075887112440e-02,6.991063422017268492e-01,2.102991991447793474e-01,1.807363709678860841e-01,6.192401352120895375e-01,-7.346089204406226481e-01
-3.890365030459319324e-03,2.498292075887112440e-02,6.991063422017268492e-01,2.102991991447792641e-01,1.807363709678859731e-01,6.192401352120892044e-01,-7.346089204406223150e-01
-3.890365030459321059e-03,2.498292075887112440e-02,6.991063422017268492e-01,2.102991991447793474e-01,1.807363709678858621e-01,6.192401352120890934e-01,-7.346089204406223150e-01
-2.798930850339885132e-03,2.440963951848326707e-02,7.034928775998374739e-01,2.031437759198067294e-01,1.764442910468491943e-01,6.164637460194827279e-01,-7.399813972699889053e-01
-2.798930850339887734e-03,2.440963951848324973e-02,7.034928775998376960e-01,2.031437759198067294e-01,1.764442910468490000e-01,6.164637460194828389e-01,-7.399813972699887943e-01
-2.798930850339885999e-03,2.440963951848324279e-02,7.034928775998379180e-01,2.031437759198067849e-01,1.764442910468488890e-01,6.164637460194827279e-01,-7.399813972699885722e-01
-2.798930850339887734e-03,2.440963951848323932e-02,7.034928775998380290e-01,2.031437759198068405e-01,1.764442910468484449e-01,6.164637460194827279e-01,-7.399813972699884612e-01
-2.798930850339887734e-03,2.440963951848323932e-02,7.034928775998380290e-01,2.031437759198070070e-01,1.764442910468481118e-01,6.164637460194827279e-01,-7.399813972699885722e-01
-2.798930850339887734e-03,2.440963951848323932e-02,7.034928775998380290e-01,2.031437759198070070e-01,1.764442910468485559e-01,6.164637460194829499e-01,-7.399813972699889053e-01
1.261602960620568023e-03,2.145956240734774034e-02,7.144111577630178900e-01,1.959597210010660950e-01,1.888034157177470584e-01,6.563291192896733017e-01,-7.036939285875201122e-01
1.261602960620569975e-03,2.145956240734775422e-02,7.144111577630180010e-01,1.959597210010662061e-01,1.888034157177469474e-01,6.563291192896731907e-01,-7.036939285875197791e-01
1.261602960620569107e-03,2.145956240734775769e-02,7.144111577630180010e-01,1.959597210010661228e-01,1.888034157177473915e-01,6.563291192896735238e-01,-7.036939285875198902e-01
1.261602960620571709e-03,2.145956240734775422e-02,7.144111577630180010e-01,1.959597210010661505e-01,1.888034157177472805e-01,6.563291192896734128e-01,-7.036939285875197791e-01
1.261602960620575396e-03,2.145956240734775422e-02,7.144111577630180010e-01,1.959597210010661228e-01,1.888034157177477246e-01,6.563291192896735238e-01,-7.036939285875200012e-01
1.261602960620579732e-03,2.145956240734775422e-02,7.144111577630180010e-01,1.959597210010660118e-01,1.888034157177479466e-01,6.563291192896734128e-01,-7.036939285875198902e-01
3.214773115695709720e-03,1.836266595889502959e-02,6.742358917839853527e-01,1.928278852326180126e-01,2.024912779454230427e-01,6.706894448069736780e-01,-6.870155439706290279e-01
3.214773115695710587e-03,1.836266595889502265e-02,6.742358917839855748e-01,1.928278852326179293e-01,2.024912779454233203e-01,6.706894448069735670e-01,-6.870155439706290279e-01
3.214773115695710587e-03,1.836266595889502265e-02,6.742358917839856858e-01,1.928278852326180681e-01,2.024912779454232092e-01,6.706894448069733450e-01,-6.870155439706291389e-01
3.214773115695703648e-03,1.836266595889501918e-02,6.742358917839856858e-01,1.928278852326180959e-01,2.024912779454232092e-01,6.706894448069732340e-01,-6.870155439706291389e-01
3.214773115695697143e-03,1.836266595889501918e-02,6.742358917839857968e-01,1.928278852326181514e-01,2.024912779454229872e-01,6.706894448069732340e-01,-6.870155439706291389e-01
3.214773115695704515e-03,1.836266595889501918e-02,6.742358917839857968e-01,1.928278852326180404e-01,2.024912779454235423e-01,6.706894448069734560e-01,-6.870155439706294720e-01
2.802487559737597625e-03,1.615216905019076221e-02,6.359156212599867963e-01,1.763984652684248144e-01,1.959139509609748586e-01,6.785953459619747941e-01,-6.855725065290706466e-01
2.802487559737595890e-03,1.615216905019076221e-02,6.359156212599867963e-01,1.763984652684249532e-01,1.959139509609745256e-01,6.785953459619747941e-01,-6.855725065290705356e-01
2.802487559737596758e-03,1.615216905019076221e-02,6.359156212599867963e-01,1.763984652684250087e-01,1.959139509609749696e-01,6.785953459619750161e-01,-6.855725065290706466e-01
2.802487559737595023e-03,1.615216905019076221e-02,6.359156212599867963e-01,1.763984652684250365e-01,1.959139509609748586e-01,6.785953459619749051e-01,-6.855725065290705356e-01
2.802487559737595023e-03,1.615216905019076221e-02,6.359156212599867963e-01,1.763984652684251198e-01,1.959139509609747476e-01,6.785953459619747941e-01,-6.855725065290704245e-01
2.802487559737589819e-03,1.615216905019076568e-02,6.359156212599867963e-01,1.763984652684252308e-01,1.959139509609747476e-01,6.785953459619749051e-01,-6.855725065290705356e-01
2.765600409557726711e-03,1.678827572544655186e-02,6.477131079739671948e-01,1.789461491966278794e-01,1.961153577519066937e-01,6.815461994431969428e-01,-6.819177517604845251e-01
2.765600409557727579e-03,1.678827572544654839e-02,6.477131079739671948e-01,1.789461491966278794e-01,1.961153577519070268e-01,6.815461994431970538e-01,-6.819177517604847472e-01
2.765600409557729313e-03,1.678827572544653451e-02,6.477131079739671948e-01,1.789461491966277407e-01,1.961153577519073599e-01,6.815461994431969428e-01,-6.819177517604846361e-01
2.765600409557731915e-03,1.678827572544653104e-02,6.477131079739671948e-01,1.789461491966278239e-01,1.961153577519069158e-01,6.815461994431967208e-01,-6.819177517604844141e-01
2.765600409557736252e-03,1.678827572544653104e-02,6.477131079739670838e-01,1.789461491966279350e-01,1.961153577519065827e-01,6.815461994431967208e-01,-6.819177517604843031e-01
2.765600409557733650e-03,1.678827572544652758e-02,6.477131079739670838e-01,1.789461491966280182e-01,1.961153577519065827e-01,6.815461994431968318e-01,-6.819177517604845251e-01
1.777145350706051379e-03,1.772229797587918446e-02,6.889715248394333580e-01,1.875816242311411086e-01,1.830722018240602822e-01,6.543279284371142923e-01,-7.093325491173321229e-01
1.777145350706053331e-03,1.772229797587918446e-02,6.889715248394335800e-01,1.875816242311411364e-01,1.830722018240602544e-01,6.543279284371144033e-01,-7.093325491173319008e-01
1.777145350706056150e-03,1.772229797587918099e-02,6.889715248394336911e-01,1.875816242311411086e-01,1.830722018240603655e-01,6.543279284371142923e-01,-7.093325491173319008e-01
1.777145350706054415e-03,1.772229797587918099e-02,6.889715248394336911e-01,1.875816242311410809e-01,1.830722018240605875e-01,6.543279284371144033e-01,-7.093325491173320119e-01
1.777145350706054415e-03,1.772229797587918099e-02,6.889715248394338021e-01,1.875816242311411641e-01,1.830722018240601434e-01,6.543279284371145144e-01,-7.093325491173319008e-01
1.777145350706054415e-03,1.772229797587918099e-02,6.889715248394338021e-01,1.875816242311411364e-01,1.830722018240601434e-01,6.543279284371145144e-01,-7.093325491173317898e-01
-8.141981855996497167e-04,2.084259294838943649e-02,7.106545705247970801e-01,1.994441702620922408e-01,1.768583177755379265e-01,6.339485825398439856e-01,-7.259837140582390269e-01
-8.141981855996486325e-04,2.084259294838945384e-02,7.106545705247971911e-01,1.994441702620924906e-01,1.768583177755376212e-01,6.339485825398438745e-01,-7.259837140582389159e-01
-8.141981855996489577e-04,2.084259294838946425e-02,7.106545705247971911e-01,1.994441702620924350e-01,1.768583177755381763e-01,6.339485825398440966e-01,-7.259837140582392490e-01
-8.141981855996515598e-04,2.084259294838947466e-02,7.106545705247971911e-01,1.994441702620924350e-01,1.768583177755379543e-01,6.339485825398436525e-01,-7.259837140582388049e-01
-8.141981855996460304e-04,2.084259294838947466e-02,7.106545705247971911e-01,1.994441702620925461e-01,1.768583177755382874e-01,6.339485825398438745e-01,-7.259837140582391379e-01
-8.141981855996432114e-04,2.084259294838947119e-02,7.106545705247971911e-01,1.994441702620925738e-01,1.768583177755381763e-01,6.339485825398436525e-01,-7.259837140582392490e-01
-3.941899626125259723e-03,2.512471871376920768e-02,6.982203617048813316e-01,2.117759632665819070e-01,1.812739050986235667e-01,6.180852721665813787e-01,-7.350246996146249101e-01
-3.941899626125256254e-03,2.512471871376918686e-02,6.982203617048813316e-01,2.117759632665819902e-01,1.812739050986232892e-01,6.180852721665813787e-01,-7.350246996146245770e-01
-3.941899626125259723e-03,2.512471871376917645e-02,6.982203617048813316e-01,2.117759632665821568e-01,1.812739050986230671e-01,6.180852721665816008e-01,-7.350246996146245770e-01
-3.941899626125260590e-03,2.512471871376917645e-02,6.982203617048813316e-01,2.117759632665822678e-01,1.812739050986228451e-01,6.180852721665816008e-01,-7.350246996146245770e-01
-3.941899626125266662e-03,2.512471871376916951e-02,6.982203617048813316e-01,2.117759632665822678e-01,1.812739050986227340e-01,6.180852721665816008e-01,-7.350246996146246881e-01
-3.941899626125267529e-03,2.512471871376916951e-02,6.982203617048813316e-01,2.117759632665823233e-01,1.812739050986228451e-01,6.180852721665818228e-01,-7.350246996146249101e-01
-2.929074926840132247e-03,2.418253197843206123e-02,7.060684819185288896e-01,1.976668344554186052e-01,1.745086451352878820e-01,6.219630903222809204e-01,-7.373170753523741183e-01
-2.929074926840137018e-03,2.418253197843204388e-02,7.060684819185291117e-01,1.976668344554184664e-01,1.745086451352880763e-01,6.219630903222810314e-01,-7.373170753523741183e-01
-2.929074926840135283e-03,2.418253197843204041e-02,7.060684819185292227e-01,1.976668344554184664e-01,1.745086451352879653e-01,6.219630903222809204e-01,-7.373170753523741183e-01
-2.929074926840137018e-03,2.418253197843204041e-02,7.060684819185293337e-01,1.976668344554184664e-01,1.745086451352878543e-01,6.219630903222809204e-01,-7.373170753523742293e-01
-2.929074926840137018e-03,2.418253197843203348e-02,7.060684819185293337e-01,1.976668344554184664e-01,1.745086451352877432e-01,6.219630903222808094e-01,-7.373170753523741183e-01
-2.929074926840137018e-03,2.418253197843203348e-02,7.060684819185293337e-01,1.976668344554184664e-01,1.745086451352874102e-01,6.219630903222806984e-01,-7.373170753523744514e-01
1.476266294598695648e-03,2.027452256303234612e-02,7.076395641266833847e-01,1.902602903847452065e-01,1.899226670009307172e-01,6.533433371469092865e-01,-7.077237358374425247e-01
1.476266294598696082e-03,2.027452256303233225e-02,7.076395641266834957e-01,1.902602903847452342e-01,1.899226670009303009e-01,6.533433371469090645e-01,-7.077237358374425247e-01
1.476266294598695432e-03,2.027452256303231837e-02,7.076395641266834957e-01,1.902602903847454008e-01,1.899226670009296347e-01,6.533433371469090645e-01,-7.077237358374421916e-01
1.476266294598690878e-03,2.027452256303230796e-02,7.076395641266834957e-01,1.902602903847454285e-01,1.899226670009298568e-01,6.533433371469093975e-01,-7.077237358374427467e-01
1.476266294598686541e-03,2.027452256303230796e-02,7.076395641266834957e-01,1.902602903847454840e-01,1.899226670009294127e-01,6.533433371469091755e-01,-7.077237358374424137e-01
1.476266294598682855e-03,2.027452256303230449e-02,7.076395641266834957e-01,1.902602903847455396e-01,1.899226670009295237e-01,6.533433371469093975e-01,-7.077237358374427467e-01
2.791012947251962032e-03,1.688991040563669194e-02,6.702625430561210962e-01,1.842400094086445728e-01,1.957111018129189250e-01,6.714560482596872992e-01,-6.905791473942434200e-01
2.791012947251958563e-03,1.688991040563670235e-02,6.702625430561209852e-01,1.842400094086445728e-01,1.957111018129192859e-01,6.714560482596874103e-01,-6.905791473942436420e-01
2.791012947251955961e-03,1.688991040563670928e-02,6.702625430561209852e-01,1.842400094086444617e-01,1.957111018129195079e-01,6.714560482596874103e-01,-6.905791473942435310e-01
2.791012947251952057e-03,1.688991040563671969e-02,6.702625430561209852e-01,1.842400094086444617e-01,1.957111018129196189e-01,6.714560482596874103e-01,-6.905791473942435310e-01
2.791012947251952057e-03,1.688991040563672663e-02,6.702625430561209852e-01,1.842400094086444895e-01,1.957111018129193969e-01,6.714560482596870772e-01,-6.905791473942433090e-01
2.791012947251952057e-03,1.688991040563672663e-02,6.702625430561209852e-01,1.842400094086445450e-01,1.957111018129193969e-01,6.714560482596871882e-01,-6.905791473942433090e-01
2.675562390515939717e-03,1.588733770491325414e-02,6.355111052115027803e-01,1.747510624057604378e-01,1.944231720366484950e-01,6.784319463392103344e-01,-6.865797772652912911e-01
2.675562390515942319e-03,1.588733770491326108e-02,6.355111052115027803e-01,1.747510624057603545e-01,1.944231720366487171e-01,6.784319463392101124e-01,-6.865797772652911801e-01
2.675562390515946222e-03,1.588733770491327149e-02,6.355111052115027803e-01,1.747510624057603268e-01,1.944231720366488281e-01,6.784319463392102234e-01,-6.865797772652912911e-01
2.675562390515944487e-03,1.588733770491327496e-02,6.355111052115027803e-01,1.747510624057602713e-01,1.944231720366493832e-01,6.784319463392102234e-01,-6.865797772652912911e-01
2.675562390515944487e-03,1.588733770491328884e-02,6.355111052115027803e-01,1.747510624057602435e-01,1.944231720366491611e-01,6.784319463392101124e-01,-6.865797772652910691e-01
2.675562390515944487e-03,1.588733770491329578e-02,6.355111052115027803e-01,1.747510624057601880e-01,1.944231720366492722e-01,6.784319463392102234e-01,-6.865797772652911801e-01
3.043014745075121093e-03,1.585270539028735964e-02,6.591650805159801063e-01,1.738215675873685251e-01,1.920848954971061673e-01,6.766480122094890026e-01,-6.892292239424290257e-01
3.043014745075120660e-03,1.585270539028737352e-02,6.591650805159803284e-01,1.738215675873686916e-01,1.920848954971056122e-01,6.766480122094887806e-01,-6.892292239424286926e-01
3.043014745075122394e-03,1.585270539028738046e-02,6.591650805159803284e-01,1.738215675873687194e-01,1.920848954971061673e-01,6.766480122094892247e-01,-6.892292239424291367e-01
3.043014745075127165e-03,1.585270539028738046e-02,6.591650805159804394e-01,1.738215675873686639e-01,1.920848954971061673e-01,6.766480122094890026e-01,-6.892292239424289146e-01
3.043014745075131502e-03,1.585270539028738046e-02,6.591650805159804394e-01,1.738215675873686361e-01,1.920848954971065004e-01,6.766480122094891136e-01,-6.892292239424290257e-01
3.043014745075125430e-03,1.585270539028738046e-02,6.591650805159804394e-01,1.738215675873686361e-01,1.920848954971061673e-01,6.766480122094888916e-01,-6.892292239424286926e-01
1.898111664125985178e-03,1.780228681570402913e-02,6.974888836179475859e-01,1.862945178402066471e-01,1.871670374262272563e-01,6.515498501656621366e-01,-7.111579609853758699e-01
1.898111664125983877e-03,1.780228681570402219e-02,6.974888836179475859e-01,1.862945178402065360e-01,1.871670374262277559e-01,6.515498501656621366e-01,-7.111579609853759809e-01
1.898111664125984527e-03,1.780228681570401178e-02,6.974888836179475859e-01,1.862945178402065638e-01,1.871670374262276448e-01,6.515498501656621366e-01,-7.111579609853756478e-01
1.898111664125987129e-03,1.780228681570400484e-02,6.974888836179475859e-01,1.862945178402065916e-01,1.871670374262276448e-01,6.515498501656622476e-01,-7.111579609853757589e-01
1.898111664125988213e-03,1.780228681570400484e-02,6.974888836179475859e-01,1.862945178402067026e-01,1.871670374262273118e-01,6.515498501656620256e-01,-7.111579609853756478e-01
1.898111664125992550e-03,1.780228681570400484e-02,6.974888836179475859e-01,1.862945178402068969e-01,1.871670374262270897e-01,6.515498501656621366e-01,-7.111579609853756478e-01
-9.885763044204666072e-04,2.101222213669356673e-02,7.128836429743095060e-01,2.077456433430788785e-01,1.814662774797150269e-01,6.235144508779021377e-01,-7.315336406181560669e-01
-9.885763044204670408e-04,2.101222213669357020e-02,7.128836429743092840e-01,2.077456433430789895e-01,1.814662774797148881e-01,6.235144508779021377e-01,-7.315336406181560669e-01
-9.885763044204689924e-04,2.101222213669357367e-02,7.128836429743090619e-01,2.077456433430791283e-01,1.814662774797148881e-01,6.235144508779023598e-01,-7.315336406181559559e-01
-9.885763044204676914e-04,2.101222213669357020e-02,7.128836429743089509e-01,2.077456433430792948e-01,1.814662774797144440e-01,6.235144508779021377e-01,-7.315336406181556228e-01
-9.885763044204724619e-04,2.101222213669357020e-02,7.128836429743088399e-01,2.077456433430795169e-01,1.814662774797142220e-01,6.235144508779021377e-01,-7.315336406181555118e-01
-9.885763044204752808e-04,2.101222213669357020e-02,7.128836429743085068e-01,2.077456433430796001e-01,1.814662774797145550e-01,6.235144508779023598e-01,-7.315336406181560669e-01
-3.938693334129211333e-03,2.519390713413343849e-02,6.981806614494302510e-01,2.120130057968368509e-01,1.810640875606903677e-01,6.154216481842327280e-01,-7.372397686743489276e-01
-3.938693334129212201e-03,2.519390713413345584e-02,6.981806614494302510e-01,2.120130057968367676e-01,1.810640875606907008e-01,6.154216481842329500e-01,-7.372397686743490386e-01
-3.938693334129210466e-03,2.519390713413346278e-02,6.981806614494302510e-01,2.120130057968367954e-01,1.810640875606902567e-01,6.154216481842327280e-01,-7.372397686743487055e-01
-3.938693334129210466e-03,2.519390713413346972e-02,6.981806614494302510e-01,2.120130057968369064e-01,1.810640875606899236e-01,6.154216481842328390e-01,-7.372397686743487055e-01
-3.938693334129210466e-03,2.519390713413346972e-02,6.981806614494302510e-01,2.120130057968368509e-01,1.810640875606902567e-01,6.154216481842330611e-01,-7.372397686743489276e-01
-3.938693334129210466e-03,2.519390713413347319e-02,6.981806614494302510e-01,2.120130057968369064e-01,1.810640875606897016e-01,6.154216481842330611e-01,-7.372397686743488165e-01
-1.609246262639321256e-03,2.178220477788263276e-02,7.150710015226308114e-01,2.110690398897991649e-01,1.811792421494119454e-01,6.177009759768067321e-01,-7.355742293551777999e-01
-1.609246262639320822e-03,2.178220477788263970e-02,7.150710015226309224e-01,2.110690398897991926e-01,1.811792421494121674e-01,6.177009759768068431e-01,-7.355742293551776889e-01
-1.609246262639320822e-03,2.178220477788264664e-02,7.150710015226310334e-01,2.110690398897993592e-01,1.811792421494117233e-01,6.177009759768067321e-01,-7.355742293551774669e-01
-1.609246262639319955e-03,2.178220477788265011e-02,7.150710015226310334e-01,2.110690398897994702e-01,1.811792421494118344e-01,6.177009759768068431e-01,-7.355742293551774669e-01
-1.609246262639319087e-03,2.178220477788265011e-02,7.150710015226310334e-01,2.110690398897993592e-01,1.811792421494122785e-01,6.177009759768069541e-01,-7.355742293551774669e-01
-1.609246262639320822e-03,2.178220477788264664e-02,7.150710015226310334e-01,2.110690398897994147e-01,1.811792421494120564e-01,6.177009759768067321e-01,-7.355742293551771338e-01
1.135472623662512476e-03,1.862211152857077764e-02,7.013507305644227641e-01,1.901392750232610007e-01,1.832268574007285822e-01,6.426768485505655049e-01,-7.191949966162135555e-01
1.135472623662517246e-03,1.862211152857075683e-02,7.013507305644226530e-01,1.901392750232610007e-01,1.832268574007284156e-01,6.426768485505653938e-01,-7.191949966162134444e-01
1.135472623662520065e-03,1.862211152857074295e-02,7.013507305644224310e-01,1.901392750232610285e-01,1.832268574007280826e-01,6.426768485505652828e-01,-7.191949966162133334e-01
1.135472623662519415e-03,1.862211152857073948e-02,7.013507305644222090e-01,1.901392750232610562e-01,1.832268574007283046e-01,6.426768485505655049e-01,-7.191949966162136665e-01
1.135472623662519415e-03,1.862211152857073948e-02,7.013507305644220979e-01,1.901392750232609730e-01,1.832268574007286377e-01,6.426768485505656159e-01,-7.191949966162136665e-01
1.135472623662521149e-03,1.862211152857073948e-02,7.013507305644220979e-01,1.901392750232609730e-01,1.832268574007286377e-01,6.426768485505653938e-01,-7.191949966162135555e-01
2.909839704448493897e-03,1.648062835302059256e-02,6.662457922233190333e-01,1.763420358440196678e-01,1.914529299827663900e-01,6.734692813306911718e-01,-6.918731018758592644e-01
2.909839704448496066e-03,1.648062835302058562e-02,6.662457922233190333e-01,1.763420358440196123e-01,1.914529299827664177e-01,6.734692813306910608e-01,-6.918731018758590423e-01
2.909839704448497801e-03,1.648062835302058562e-02,6.662457922233190333e-01,1.763420358440195290e-01,1.914529299827669728e-01,6.734692813306912829e-01,-6.918731018758592644e-01
2.909839704448496066e-03,1.648062835302058216e-02,6.662457922233190333e-01,1.763420358440195290e-01,1.914529299827668618e-01,6.734692813306911718e-01,-6.918731018758590423e-01
2.909839704448496066e-03,1.648062835302058216e-02,6.662457922233190333e-01,1.763420358440195013e-01,1.914529299827671949e-01,6.734692813306911718e-01,-6.918731018758591533e-01
2.909839704448496066e-03,1.648062835302058216e-02,6.662457922233190333e-01,1.763420358440195013e-01,1.914529299827671949e-01,6.734692813306909498e-01,-6.918731018758590423e-01
2.721024375993342202e-03,1.580349828373565219e-02,6.350740796761794593e-01,1.738458184036510423e-01,1.943190559186082911e-01,6.783036062890773765e-01,-6.869657586995860932e-01
2.721024375993337865e-03,1.580349828373564872e-02,6.350740796761796814e-01,1.738458184036511533e-01,1.943190559186076527e-01,6.783036062890771545e-01,-6.869657586995859821e-01
2.721024375993337865e-03,1.580349828373564525e-02,6.350740796761796814e-01,1.738458184036512089e-01,1.943190559186076527e-01,6.783036062890773765e-01,-6.869657586995860932e-01
2.721024375993333529e-03,1.580349828373564178e-02,6.350740796761796814e-01,1.738458184036513199e-01,1.943190559186069866e-01,6.783036062890771545e-01,-6.869657586995859821e-01
2.721024375993332228e-03,1.580349828373564525e-02,6.350740796761796814e-01,1.738458184036513754e-01,1.943190559186070976e-01,6.783036062890774875e-01,-6.869657586995862042e-01
2.721024375993334830e-03,1.580349828373564178e-02,6.350740796761796814e-01,1.738458184036514032e-01,1.943190559186072086e-01,6.783036062890774875e-01,-6.869657586995863152e-01
3.172325948842084041e-03,1.630244649967483098e-02,6.613764315648638092e-01,1.808548833040379000e-01,1.971368011777082097e-01,6.734561626581698768e-01,-6.891192855988260701e-01
3.172325948842079704e-03,1.630244649967482751e-02,6.613764315648636982e-01,1.808548833040379000e-01,1.971368011777079321e-01,6.734561626581698768e-01,-6.891192855988259591e-01
3.172325948842082306e-03,1.630244649967482404e-02,6.613764315648636982e-01,1.808548833040378445e-01,1.971368011777080431e-01,6.734561626581698768e-01,-6.891192855988259591e-01
3.172325948842076235e-03,1.630244649967482404e-02,6.613764315648636982e-01,1.808548833040377612e-01,1.971368011777080431e-01,6.734561626581698768e-01,-6.891192855988260701e-01
3.172325948842072332e-03,1.630244649967482751e-02,6.613764315648636982e-01,1.808548833040377890e-01,1.971368011777078211e-01,6.734561626581699878e-01,-6.891192855988259591e-01
3.172325948842069730e-03,1.630244649967482404e-02,6.613764315648636982e-01,1.808548833040379000e-01,1.971368011777074880e-01,6.734561626581698768e-01,-6.891192855988259591e-01
2.251557786993267814e-03,1.941736511155645051e-02,7.028801899644834261e-01,1.886000437202399738e-01,1.929600684652245379e-01,6.608483084537450925e-01,-7.003398808438965339e-01
2.251557786993272584e-03,1.941736511155646439e-02,7.028801899644836482e-01,1.886000437202399460e-01,1.929600684652246212e-01,6.608483084537452035e-01,-7.003398808438965339e-01
2.251557786993275186e-03,1.941736511155647132e-02,7.028801899644837592e-01,1.886000437202399738e-01,1.929600684652242881e-01,6.608483084537449814e-01,-7.003398808438964229e-01
2.251557786993274753e-03,1.941736511155647826e-02,7.028801899644837592e-01,1.886000437202401681e-01,1.929600684652240661e-01,6.608483084537450925e-01,-7.003398808438964229e-01
2.251557786993274753e-03,1.941736511155647826e-02,7.028801899644837592e-01,1.886000437202402513e-01,1.929600684652236220e-01,6.608483084537450925e-01,-7.003398808438963119e-01
2.251557786993274753e-03,1.941736511155647826e-02,7.028801899644837592e-01,1.886000437202402236e-01,1.929600684652241771e-01,6.608483084537453145e-01,-7.003398808438966450e-01
-2.682082658219102182e-03,2.339238827312934560e-02,7.041458026898850253e-01,1.937644335376419447e-01,1.746516898029436549e-01,6.232463998084256662e-01,-7.372354146883133286e-01
-2.682082658219102182e-03,2.339238827312935948e-02,7.041458026898848033e-01,1.937644335376418059e-01,1.746516898029440990e-01,6.232463998084258883e-01,-7.372354146883135506e-01
-2.682082658219102182e-03,2.339238827312936989e-02,7.041458026898845812e-01,1.937644335376415283e-01,1.746516898029445430e-01,6.232463998084258883e-01,-7.372354146883133286e-01
-2.682082658219103050e-03,2.339238827312936642e-02,7.041458026898842482e-01,1.937644335376414451e-01,1.746516898029445430e-01,6.232463998084256662e-01,-7.372354146883128845e-01
-2.682082658219108254e-03,2.339238827312936642e-02,7.041458026898841371e-01,1.937644335376413340e-01,1.746516898029450982e-01,6.232463998084259993e-01,-7.372354146883131065e-01
-2.682082658219114325e-03,2.339238827312936989e-02,7.041458026898840261e-01,1.937644335376411953e-01,1.746516898029448761e-01,6.232463998084258883e-01,-7.372354146883128845e-01
-4.237637773481299670e-03,2.543147545642529539e-02,6.972370635397596716e-01,2.111323553372975170e-01,1.811307340134533650e-01,6.162565949740514970e-01,-7.367785249832276007e-01
-4.237637773481301405e-03,2.543147545642528151e-02,6.972370635397596716e-01,2.111323553372976003e-01,1.811307340134530319e-01,6.162565949740513860e-01,-7.367785249832274896e-01
-4.237637773481296201e-03,2.543147545642527110e-02,6.972370635397596716e-01,2.111323553372976836e-01,1.811307340134524768e-01,6.162565949740513860e-01,-7.367785249832274896e-01
-4.237637773481294466e-03,2.543147545642527110e-02,6.972370635397596716e-01,2.111323553372976836e-01,1.811307340134524768e-01,6.162565949740514970e-01,-7.367785249832277117e-01
-4.237637773481290129e-03,2.543147545642527110e-02,6.972370635397596716e-01,2.111323553372976836e-01,1.811307340134523658e-01,6.162565949740512750e-01,-7.367785249832277117e-01
-4.237637773481288395e-03,2.543147545642526763e-02,6.972370635397596716e-01,2.111323553372977113e-01,1.811307340134522548e-01,6.162565949740516080e-01,-7.367785249832279337e-01
-1.572296796653998349e-03,2.179128235712908881e-02,7.115247687702785928e-01,2.028255596496248148e-01,1.772459671446425800e-01,6.299864021687664462e-01,-7.283974138931507136e-01
-1.572296796653995530e-03,2.179128235712909228e-02,7.115247687702784818e-01,2.028255596496248148e-01,1.772459671446428020e-01,6.299864021687664462e-01,-7.283974138931508246e-01
-1.572296796653992711e-03,2.179128235712909922e-02,7.115247687702784818e-01,2.028255596496247870e-01,1.772459671446428020e-01,6.299864021687666682e-01,-7.283974138931508246e-01
-1.572296796653994445e-03,2.179128235712910269e-02,7.115247687702784818e-01,2.028255596496246760e-01,1.772459671446430240e-01,6.299864021687665572e-01,-7.283974138931508246e-01
-1.572296796653994445e-03,2.179128235712910269e-02,7.115247687702784818e-01,2.028255596496247037e-01,1.772459671446429130e-01,6.299864021687665572e-01,-7.283974138931507136e-01
-1.572296796653994445e-03,2.179128235712909922e-02,7.115247687702784818e-01,2.028255596496246482e-01,1.772459671446430240e-01,6.299864021687666682e-01,-7.283974138931508246e-01
1.438312209974917412e-03,1.871376049675325601e-02,6.947925312513884011e-01,1.918247753358325869e-01,1.847522426858985156e-01,6.501285753002961076e-01,-7.116197720467689614e-01
1.438312209974913509e-03,1.871376049675324907e-02,6.947925312513884011e-01,1.918247753358325314e-01,1.847522426858987377e-01,6.501285753002959966e-01,-7.116197720467688503e-01
1.438312209974911557e-03,1.871376049675324907e-02,6.947925312513884011e-01,1.918247753358325314e-01,1.847522426858987377e-01,6.501285753002959966e-01,-7.116197720467689614e-01
1.438312209974911340e-03,1.871376049675324560e-02,6.947925312513884011e-01,1.918247753358323648e-01,1.847522426858995148e-01,6.501285753002962187e-01,-7.116197720467691834e-01
1.438312209974912208e-03,1.871376049675324560e-02,6.947925312513884011e-01,1.918247753358322816e-01,1.847522426858998479e-01,6.501285753002961076e-01,-7.116197720467691834e-01
1.438312209974910473e-03,1.871376049675324560e-02,6.947925312513884011e-01,1.918247753358322261e-01,1.847522426858998479e-01,6.501285753002959966e-01,-7.116197720467689614e-01
2.461298793454014082e-03,1.709421949221452686e-02,6.544267923254202257e-01,1.813982154578085149e-01,1.942489600389912252e-01,6.780233364114203187e-01,-6.853075107088927309e-01
2.461298793454013215e-03,1.709421949221451645e-02,6.544267923254202257e-01,1.813982154578084871e-01,1.942489600389912807e-01,6.780233364114203187e-01,-6.853075107088927309e-01
2.461298793454015817e-03,1.709421949221451645e-02,6.544267923254202257e-01,1.813982154578084316e-01,1.942489600389917248e-01,6.780233364114200967e-01,-6.853075107088928419e-01
2.461298793454009745e-03,1.709421949221451298e-02,6.544267923254202257e-01,1.813982154578084038e-01,1.942489600389919469e-01,6.780233364114200967e-01,-6.853075107088928419e-01
2.461298793454005842e-03,1.709421949221451298e-02,6.544267923254202257e-01,1.813982154578083483e-01,1.942489600389917248e-01,6.780233364114198746e-01,-6.853075107088928419e-01
2.461298793454003240e-03,1.709421949221451298e-02,6.544267923254202257e-01,1.813982154578083761e-01,1.942489600389915028e-01,6.780233364114198746e-01,-6.853075107088927309e-01
2.743877985926404355e-03,1.596375500463523278e-02,6.333865679879767674e-01,1.747049789562233058e-01,1.953448710180365755e-01,6.794411005686953331e-01,-6.853308270848849082e-01
2.743877985926403487e-03,1.596375500463522931e-02,6.333865679879765453e-01,1.747049789562232780e-01,1.953448710180365477e-01,6.794411005686953331e-01,-6.853308270848849082e-01
2.743877985926403487e-03,1.596375500463522931e-02,6.333865679879764343e-01,1.747049789562232780e-01,1.953448710180364367e-01,6.794411005686952221e-01,-6.853308270848849082e-01
2.743877985926399150e-03,1.596375500463522931e-02,6.333865679879763233e-01,1.747049789562232225e-01,1.953448710180366588e-01,6.794411005686953331e-01,-6.853308270848849082e-01
2.743877985926397849e-03,1.596375500463523278e-02,6.333865679879763233e-01,1.747049789562232502e-01,1.953448710180367698e-01,6.794411005686953331e-01,-6.853308270848849082e-01
2.743877985926400451e-03,1.596375500463522931e-02,6.333865679879763233e-01,1.747049789562232225e-01,1.953448710180367698e-01,6.794411005686952221e-01,-6.853308270848849082e-01
3.505982506887057436e-03,1.764525256886928517e-02,6.644625455173129858e-01,1.906041805393361988e-01,2.034562064753303590e-01,6.722631942979255815e-01,-6.858117934243660452e-01
3.505982506887052666e-03,1.764525256886927823e-02,6.644625455173132078e-01,1.906041805393363375e-01,2.034562064753299149e-01,6.722631942979254704e-01,-6.858117934243659342e-01
3.505982506887052666e-03,1.764525256886926782e-02,6.644625455173133188e-01,1.906041805393362543e-01,2.034562064753300259e-01,6.722631942979256925e-01,-6.858117934243662672e-01
3.505982506887048329e-03,1.764525256886925741e-02,6.644625455173134299e-01,1.906041805393361710e-01,2.034562064753301369e-01,6.722631942979256925e-01,-6.858117934243662672e-01
3.505982506887047028e-03,1.764525256886925741e-02,6.644625455173134299e-01,1.906041805393361710e-01,2.034562064753300259e-01,6.722631942979255815e-01,-6.858117934243661562e-01
3.505982506887049630e-03,1.764525256886926088e-02,6.644625455173134299e-01,1.906041805393360600e-01,2.034562064753305810e-01,6.722631942979259145e-01,-6.858117934243663782e-01
2.053878067856952129e-03,2.045055360905870603e-02,7.122416477238949772e-01,1.903293772410282747e-01,1.907874019706237156e-01,6.636557673336614949e-01,-6.978079376827919234e-01
2.053878067856950394e-03,2.045055360905868869e-02,7.122416477238947552e-01,1.903293772410282469e-01,1.907874019706237156e-01,6.636557673336613838e-01,-6.978079376827917013e-01
2.053878067856952129e-03,2.045055360905867828e-02,7.122416477238946442e-01,1.903293772410282192e-01,1.907874019706237156e-01,6.636557673336612728e-01,-6.978079376827919234e-01
2.053878067856950394e-03,2.045055360905867828e-02,7.122416477238944221e-01,1.903293772410282192e-01,1.907874019706238267e-01,6.636557673336612728e-01,-6.978079376827917013e-01
2.053878067856950394e-03,2.045055360905867828e-02,7.122416477238940891e-01,1.903293772410282469e-01,1.907874019706242708e-01,6.636557673336613838e-01,-6.978079376827919234e-01
2.053878067856950394e-03,2.045055360905867481e-02,7.122416477238938670e-01,1.903293772410283857e-01,1.907874019706238267e-01,6.636557673336610508e-01,-6.978079376827917013e-01
-2.042544918590542477e-03,2.392271615525544751e-02,7.050637682706095699e-01,2.009735300316941864e-01,1.783794330641459147e-01,6.219966161723978759e-01,-7.354662654101821184e-01
-2.042544918590541610e-03,2.392271615525545098e-02,7.050637682706093479e-01,2.009735300316942141e-01,1.783794330641460535e-01,6.219966161723977649e-01,-7.354662654101820074e-01
-2.042544918590540742e-03,2.392271615525545791e-02,7.050637682706092368e-01,2.009735300316942697e-01,1.783794330641461645e-01,6.219966161723977649e-01,-7.354662654101820074e-01
-2.042544918590538140e-03,2.392271615525546138e-02,7.050637682706090148e-01,2.009735300316942974e-01,1.783794330641462755e-01,6.219966161723977649e-01,-7.354662654101820074e-01
-2.042544918590538140e-03,2.392271615525545445e-02,7.050637682706090148e-01,2.009735300316942141e-01,1.783794330641466086e-01,6.219966161723976539e-01,-7.354662654101821184e-01
-2.042544918590538140e-03,2.392271615525545445e-02,7.050637682706090148e-01,2.009735300316941031e-01,1.783794330641472747e-01,6.219966161723978759e-01,-7.354662654101822294e-01
-4.400122644940912542e-03,2.541393308130356077e-02,6.990898450773121997e-01,2.085396025968510036e-01,1.802183949618394176e-01,6.181801500346318923e-01,-7.361289740047499697e-01
-4.400122644940910807e-03,2.541393308130356771e-02,6.990898450773125328e-01,2.085396025968509481e-01,1.802183949618397785e-01,6.181801500346320033e-01,-7.361289740047498587e-01
-4.400122644940911674e-03,2.541393308130357465e-02,6.990898450773127548e-01,2.085396025968508926e-01,1.802183949618400005e-01,6.181801500346320033e-01,-7.361289740047498587e-01
-4.400122644940913409e-03,2.541393308130357812e-02,6.990898450773128658e-01,2.085396025968509759e-01,1.802183949618396674e-01,6.181801500346320033e-01,-7.361289740047498587e-01
-4.400122644940917746e-03,2.541393308130357812e-02,6.990898450773128658e-01,2.085396025968509204e-01,1.802183949618396674e-01,6.181801500346321143e-01,-7.361289740047498587e-01
-4.400122644940919481e-03,2.541393308130357465e-02,6.990898450773128658e-01,2.085396025968508371e-01,1.802183949618398895e-01,6.181801500346322253e-01,-7.361289740047499697e-01
3.500574229858294945e-04,2.113141239677625294e-02,7.156852147541409304e-01,1.994291790508502249e-01,1.739986045510134582e-01,6.305639332698216304e-01,-7.296174437447998651e-01
3.500574229858271634e-04,2.113141239677624600e-02,7.156852147541411524e-01,1.994291790508500861e-01,1.739986045510136803e-01,6.305639332698215194e-01,-7.296174437447996430e-01
3.500574229858286271e-04,2.113141239677624253e-02,7.156852147541412634e-01,1.994291790508500306e-01,1.739986045510141244e-01,6.305639332698217414e-01,-7.296174437447997541e-01
3.500574229858271634e-04,2.113141239677624253e-02,7.156852147541413744e-01,1.994291790508499751e-01,1.739986045510139023e-01,6.305639332698215194e-01,-7.296174437447996430e-01
3.500574229858268924e-04,2.113141239677624253e-02,7.156852147541413744e-01,1.994291790508499751e-01,1.739986045510141244e-01,6.305639332698216304e-01,-7.296174437447997541e-01
3.500574229858266213e-04,2.113141239677623906e-02,7.156852147541413744e-01,1.994291790508499196e-01,1.739986045510141244e-01,6.305639332698214083e-01,-7.296174437447997541e-01
1.720516604848699180e-03,1.882633838710990465e-02,6.843290103532200241e-01,1.939648748797224431e-01,1.911004944677436035e-01,6.517763491380587082e-01,-7.078459006248047913e-01
1.720516604848701565e-03,1.882633838710990118e-02,6.843290103532199131e-01,1.939648748797224986e-01,1.911004944677434647e-01,6.517763491380585972e-01,-7.078459006248046803e-01
1.720516604848704384e-03,1.882633838710990118e-02,6.843290103532198021e-01,1.939648748797226652e-01,1.911004944677433537e-01,6.517763491380585972e-01,-7.078459006248045693e-01
1.720516604848706986e-03,1.882633838710990118e-02,6.843290103532196911e-01,1.939648748797227484e-01,1.911004944677432427e-01,6.517763491380585972e-01,-7.078459006248045693e-01
1.720516604848708071e-03,1.882633838710990118e-02,6.843290103532196911e-01,1.939648748797228595e-01,1.911004944677433537e-01,6.517763491380587082e-01,-7.078459006248045693e-01
1.720516604848712407e-03,1.882633838710989771e-02,6.843290103532196911e-01,1.939648748797229982e-01,1.911004944677431316e-01,6.517763491380585972e-01,-7.078459006248045693e-01
2.570679142982335800e-03,1.663147883261772639e-02,6.500261810145785413e-01,1.758208002340304610e-01,1.918824369655496576e-01,6.782032256627341660e-01,-6.872470889642890990e-01
2.570679142982330596e-03,1.663147883261772986e-02,6.500261810145783192e-01,1.758208002340304332e-01,1.918824369655497408e-01,6.782032256627341660e-01,-6.872470889642890990e-01
2.570679142982327560e-03,1.663147883261772986e-02,6.500261810145782082e-01,1.758208002340303500e-01,1.918824369655501849e-01,6.782032256627342770e-01,-6.872470889642890990e-01
2.570679142982328427e-03,1.663147883261773333e-02,6.500261810145780972e-01,1.758208002340302389e-01,1.918824369655506290e-01,6.782032256627342770e-01,-6.872470889642890990e-01
2.570679142982329295e-03,1.663147883261773333e-02,6.500261810145780972e-01,1.758208002340302389e-01,1.918824369655504070e-01,6.782032256627341660e-01,-6.872470889642887659e-01
2.570679142982332764e-03,1.663147883261772986e-02,6.500261810145780972e-01,1.758208002340301279e-01,1.918824369655508510e-01,6.782032256627343880e-01,-6.872470889642889880e-01
3.209800588287071033e-03,1.576415826380836438e-02,6.395024232309552970e-01,1.721414065764961254e-01,1.957483537201944179e-01,6.784938688053272493e-01,-6.868012726773872201e-01
3.209800588287069732e-03,1.576415826380836438e-02,6.395024232309554080e-01,1.721414065764962087e-01,1.957483537201942791e-01,6.784938688053269162e-01,-6.868012726773869980e-01
3.209800588287071467e-03,1.576415826380836438e-02,6.395024232309554080e-01,1.721414065764962087e-01,1.957483537201946122e-01,6.784938688053270273e-01,-6.868012726773873311e-01
3.209800588287069732e-03,1.576415826380836438e-02,6.395024232309555190e-01,1.721414065764961809e-01,1.957483537201948343e-01,6.784938688053269162e-01,-6.868012726773873311e-01
3.209800588287069732e-03,1.576415826380836438e-02,6.395024232309555190e-01,1.721414065764961532e-01,1.957483537201951673e-01,6.784938688053269162e-01,-6.868012726773873311e-01
3.209800588287069732e-03,1.576415826380836438e-02,6.395024232309555190e-01,1.721414065764962087e-01,1.957483537201950563e-01,6.784938688053265832e-01,-6.868012726773873311e-01
3.081552901612154283e-03,1.835712160882707264e-02,6.699753199542355375e-01,1.846530187005471224e-01,2.009499090941674615e-01,6.751757872559163154e-01,-6.853174833777225805e-01
3.081552901612157318e-03,1.835712160882706223e-02,6.699753199542355375e-01,1.846530187005470391e-01,2.009499090941674337e-01,6.751757872559164264e-01,-6.853174833777225805e-01
3.081552901612162089e-03,1.835712160882705529e-02,6.699753199542355375e-01,1.846530187005470391e-01,2.009499090941672117e-01,6.751757872559163154e-01,-6.853174833777223585e-01
3.081552901612160354e-03,1.835712160882705182e-02,6.699753199542355375e-01,1.846530187005470947e-01,2.009499090941672117e-01,6.751757872559164264e-01,-6.853174833777224695e-01
3.081552901612160354e-03,1.835712160882705182e-02,6.699753199542356485e-01,1.846530187005470947e-01,2.009499090941671007e-01,6.751757872559164264e-01,-6.853174833777224695e-01
3.081552901612160354e-03,1.835712160882704835e-02,6.699753199542356485e-01,1.846530187005471779e-01,2.009499090941667676e-01,6.751757872559163154e-01,-6.853174833777223585e-01
1.858145638544129964e-03,2.075800497552334617e-02,7.133514901980396727e-01,1.930930597918221192e-01,1.891432056431083530e-01,6.546106964997919775e-01,-7.059920353993648368e-01
1.858145638544134951e-03,2.075800497552333229e-02,7.133514901980397838e-01,1.930930597918219527e-01,1.891432056431087139e-01,6.546106964997918665e-01,-7.059920353993650588e-01
1.858145638544139505e-03,2.075800497552332882e-02,7.133514901980398948e-01,1.930930597918218694e-01,1.891432056431087139e-01,6.546106964997917554e-01,-7.059920353993650588e-01
1.858145638544138854e-03,2.075800497552332535e-02,7.133514901980398948e-01,1.930930597918219249e-01,1.891432056431084918e-01,6.546106964997915334e-01,-7.059920353993650588e-01
1.858145638544138854e-03,2.075800497552332535e-02,7.133514901980398948e-01,1.930930597918220359e-01,1.891432056431081588e-01,6.546106964997914224e-01,-7.059920353993648368e-01
1.858145638544138854e-03,2.075800497552332535e-02,7.133514901980398948e-01,1.930930597918220082e-01,1.891432056431086028e-01,6.546106964997918665e-01,-7.059920353993652808e-01
